timestamp,interval_in_seconds,solar_irradiance_in_W_m2
2016-07-07 04:55:01,7256100,0.0
2016-07-07 05:00:01,7256400,0.0
2016-07-07 05:05:01,7256700,0.0
2016-07-07 05:10:01,7257000,0.0
2016-07-07 05:15:01,7257300,0.0
2016-07-07 05:20:01,7257600,0.0
2016-07-07 05:25:01,7257900,0.0
2016-07-07 05:30:01,7258200,0.0
2016-07-07 05:35:01,7258500,0.0
2016-07-07 05:40:01,7258800,0.0
2016-07-07 05:45:01,7259100,0.0
2016-07-07 05:50:01,7259400,0.0
2016-07-07 05:55:01,7259700,0.0
2016-07-07 06:00:01,7260000,0.0
2016-07-07 06:05:01,7260300,0.0
2016-07-07 06:10:01,7260600,0.0
2016-07-07 06:15:01,7260900,0.0
2016-07-07 06:20:01,7261200,0.0
2016-07-07 06:25:01,7261500,0.0
2016-07-07 06:30:01,7261800,0.0
2016-07-07 06:35:01,7262100,0.0
2016-07-07 06:40:01,7262400,0.0
2016-07-07 06:45:01,7262700,0.0
2016-07-07 06:50:01,7263000,0.0
2016-07-07 06:55:01,7263300,0.0
2016-07-07 07:00:01,7263600,0.0
2016-07-07 07:05:01,7263900,0.0
2016-07-07 07:10:01,7264200,17.0
2016-07-07 07:15:01,7264500,18.0
2016-07-07 07:20:01,7264800,20.0
2016-07-07 07:25:01,7265100,22.0
2016-07-07 07:30:01,7265400,24.0
2016-07-07 07:35:01,7265700,25.0
2016-07-07 07:40:01,7266000,26.0
2016-07-07 07:45:01,7266300,28.0
2016-07-07 07:50:01,7266600,30.0
2016-07-07 07:55:01,7266900,31.0
2016-07-07 08:00:01,7267200,33.0
2016-07-07 08:05:02,7267500,35.0
2016-07-07 08:10:01,7267800,36.0
2016-07-07 08:15:01,7268100,37.0
2016-07-07 08:20:01,7268400,39.0
2016-07-07 08:25:01,7268700,41.0
2016-07-07 08:30:01,7269000,45.0
2016-07-07 08:35:02,7269300,49.0
2016-07-07 08:40:01,7269600,56.0
2016-07-07 08:45:01,7269900,66.0
2016-07-07 08:50:01,7270200,68.0
2016-07-07 08:55:01,7270500,71.0
2016-07-07 09:00:01,7270800,141.0
2016-07-07 09:05:01,7271100,189.0
2016-07-07 09:10:01,7271400,220.0
2016-07-07 09:15:01,7271700,248.0
2016-07-07 09:20:01,7272000,245.0
2016-07-07 09:25:01,7272300,170.0
2016-07-07 09:30:01,7272600,270.0
2016-07-07 09:35:01,7272900,240.0
2016-07-07 09:40:01,7273200,362.0
2016-07-07 09:45:01,7273500,355.0
2016-07-07 09:50:01,7273800,400.0
2016-07-07 09:55:01,7274100,444.0
2016-07-07 10:00:01,7274400,423.0
2016-07-07 10:05:02,7274700,473.0
2016-07-07 10:10:01,7275000,511.0
2016-07-07 10:15:01,7275300,413.0
2016-07-07 10:20:01,7275600,412.0
2016-07-07 10:25:01,7275900,428.0
2016-07-07 10:30:01,7276200,431.0
2016-07-07 10:35:01,7276500,478.0
2016-07-07 10:40:01,7276800,452.0
2016-07-07 10:45:01,7277100,566.0
2016-07-07 10:50:01,7277400,550.0
2016-07-07 10:55:01,7277700,377.0
2016-07-07 11:00:01,7278000,518.0
2016-07-07 11:05:01,7278300,422.0
2016-07-07 11:10:01,7278600,324.0
2016-07-07 11:15:01,7278900,538.0
2016-07-07 11:20:01,7279200,487.0
2016-07-07 11:25:01,7279500,497.0
2016-07-07 11:30:01,7279800,430.0
2016-07-07 11:35:01,7280100,640.0
2016-07-07 11:40:01,7280400,722.0
2016-07-07 11:45:01,7280700,614.0
2016-07-07 11:50:01,7281000,886.0
2016-07-07 11:55:01,7281300,616.0
2016-07-07 12:00:01,7281600,620.0
2016-07-07 12:05:01,7281900,434.0
2016-07-07 12:10:01,7282200,355.0
2016-07-07 12:15:01,7282500,633.0
2016-07-07 12:20:01,7282800,638.0
2016-07-07 12:25:01,7283100,428.0
2016-07-07 12:30:01,7283400,471.0
2016-07-07 12:35:01,7283700,360.0
2016-07-07 12:40:01,7284000,988.0
2016-07-07 12:45:01,7284300,1040.0
2016-07-07 12:50:01,7284600,926.0
2016-07-07 12:55:01,7284900,292.0
2016-07-07 13:00:01,7285200,943.0
2016-07-07 13:05:01,7285500,1040.0
2016-07-07 13:10:01,7285800,728.0
2016-07-07 13:15:01,7286100,1067.0
2016-07-07 13:20:01,7286400,1056.0
2016-07-07 13:25:01,7286700,1053.0
2016-07-07 13:30:01,7287000,1059.0
2016-07-07 13:35:01,7287300,1064.0
2016-07-07 13:40:01,7287600,1072.0
2016-07-07 13:45:01,7287900,1073.0
2016-07-07 13:50:01,7288200,1075.0
2016-07-07 13:55:01,7288500,1075.0
2016-07-07 14:00:01,7288800,1075.0
2016-07-07 14:05:02,7289100,1082.0
2016-07-07 14:10:01,7289400,1077.0
2016-07-07 14:15:01,7289700,1077.0
2016-07-07 14:20:01,7290000,1079.0
2016-07-07 14:25:01,7290300,1073.0
2016-07-07 14:30:01,7290600,1073.0
2016-07-07 14:35:01,7290900,1073.0
2016-07-07 14:40:01,7291200,1072.0
2016-07-07 14:45:01,7291500,1067.0
2016-07-07 14:50:01,7291800,1078.0
2016-07-07 14:55:01,7292100,1071.0
2016-07-07 15:00:01,7292400,1062.0
2016-07-07 15:05:01,7292700,1066.0
2016-07-07 15:10:01,7293000,1051.0
2016-07-07 15:15:01,7293300,1052.0
2016-07-07 15:20:01,7293600,1047.0
2016-07-07 15:25:01,7293900,1031.0
2016-07-07 15:30:01,7294200,1016.0
2016-07-07 15:35:01,7294500,1025.0
2016-07-07 15:40:01,7294800,1007.0
2016-07-07 15:45:01,7295100,1008.0
2016-07-07 15:50:01,7295400,1007.0
2016-07-07 15:55:01,7295700,1022.0
2016-07-07 16:00:01,7296000,989.0
2016-07-07 16:05:01,7296300,234.0
2016-07-07 16:10:01,7296600,1008.0
2016-07-07 16:15:01,7296900,1003.0
2016-07-07 16:20:01,7297200,976.0
2016-07-07 16:25:01,7297500,945.0
2016-07-07 16:30:01,7297800,914.0
2016-07-07 16:35:01,7298100,887.0
2016-07-07 16:40:01,7298400,883.0
2016-07-07 16:45:01,7298700,865.0
2016-07-07 16:50:01,7299000,835.0
2016-07-07 16:55:01,7299300,842.0
2016-07-07 17:00:01,7299600,826.0
2016-07-07 17:05:01,7299900,810.0
2016-07-07 17:10:01,7300200,792.0
2016-07-07 17:15:01,7300500,778.0
2016-07-07 17:20:01,7300800,760.0
2016-07-07 17:25:01,7301100,744.0
2016-07-07 17:30:01,7301400,731.0
2016-07-07 17:35:01,7301700,713.0
2016-07-07 17:40:01,7302000,690.0
2016-07-07 17:45:01,7302300,665.0
2016-07-07 17:50:01,7302600,661.0
2016-07-07 17:55:01,7302900,633.0
2016-07-07 18:00:01,7303200,625.0
2016-07-07 18:05:01,7303500,605.0
2016-07-07 18:10:01,7303800,492.0
2016-07-07 18:15:01,7304100,536.0
2016-07-07 18:20:01,7304400,536.0
2016-07-07 18:25:01,7304700,489.0
2016-07-07 18:30:01,7305000,500.0
2016-07-07 18:35:01,7305300,475.0
2016-07-07 18:40:01,7305600,454.0
2016-07-07 18:45:01,7305900,433.0
2016-07-07 18:50:01,7306200,412.0
2016-07-07 18:55:01,7306500,389.0
2016-07-07 19:00:01,7306800,367.0
2016-07-07 19:05:01,7307100,346.0
2016-07-07 19:10:01,7307400,322.0
2016-07-07 19:15:02,7307700,272.0
2016-07-07 19:20:01,7308000,128.0
2016-07-07 19:25:01,7308300,95.0
2016-07-07 19:30:01,7308600,58.0
2016-07-07 19:35:01,7308900,64.0
2016-07-07 19:40:01,7309200,56.0
2016-07-07 19:45:01,7309500,54.0
2016-07-07 19:50:01,7309800,52.0
2016-07-07 19:55:01,7310100,51.0
2016-07-07 20:00:01,7310400,50.0
2016-07-07 20:05:01,7310700,49.0
2016-07-07 20:10:01,7311000,47.0
2016-07-07 20:15:01,7311300,47.0
2016-07-07 20:20:01,7311600,44.0
2016-07-07 20:25:01,7311900,40.0
2016-07-07 20:30:01,7312200,36.0
2016-07-07 20:35:01,7312500,31.0
2016-07-07 20:40:01,7312800,30.0
2016-07-07 20:45:01,7313100,30.0
2016-07-07 20:50:01,7313400,31.0
2016-07-07 20:55:01,7313700,31.0
2016-07-07 21:00:01,7314000,31.0
2016-07-07 21:05:01,7314300,30.0
2016-07-07 21:10:01,7314600,27.0
2016-07-07 21:15:01,7314900,22.0
2016-07-07 21:20:01,7315200,19.0
2016-07-07 21:25:01,7315500,0.0
2016-07-07 21:30:01,7315800,0.0
2016-07-07 21:35:01,7316100,0.0
2016-07-07 21:40:01,7316400,0.0
2016-07-07 21:45:01,7316700,0.0
2016-07-07 21:50:01,7317000,0.0
2016-07-07 21:55:01,7317300,0.0
2016-07-07 22:00:01,7317600,0.0
2016-07-07 22:05:01,7317900,0.0
2016-07-07 22:10:01,7318200,0.0
2016-07-07 22:15:01,7318500,0.0
2016-07-07 22:20:01,7318800,0.0
2016-07-07 22:25:01,7319100,0.0
2016-07-07 22:30:01,7319400,0.0
2016-07-07 22:35:01,7319700,0.0
2016-07-07 22:40:01,7320000,0.0
2016-07-07 22:45:01,7320300,0.0
2016-07-07 22:50:01,7320600,0.0
2016-07-07 22:55:01,7320900,0.0
2016-07-07 23:00:01,7321200,0.0
2016-07-07 23:05:01,7321500,0.0
2016-07-07 23:10:01,7321800,0.0
2016-07-07 23:15:01,7322100,0.0
2016-07-07 23:20:01,7322400,0.0
2016-07-07 23:25:01,7322700,0.0
2016-07-07 23:30:01,7323000,0.0
2016-07-07 23:35:01,7323300,0.0
2016-07-07 23:40:01,7323600,0.0
2016-07-07 23:45:01,7323900,0.0
2016-07-07 23:50:01,7324200,0.0
2016-07-07 23:55:01,7324500,0.0
2016-07-08 00:00:01,7324800,0.0
2016-07-08 00:05:01,7325100,0.0
2016-07-08 00:10:01,7325400,0.0
2016-07-08 00:15:01,7325700,0.0
2016-07-08 00:20:01,7326000,0.0
2016-07-08 00:25:01,7326300,0.0
2016-07-08 00:30:01,7326600,0.0
2016-07-08 00:35:01,7326900,0.0
2016-07-08 00:40:01,7327200,0.0
2016-07-08 00:45:01,7327500,0.0
2016-07-08 00:50:01,7327800,0.0
2016-07-08 00:55:01,7328100,0.0
2016-07-08 01:00:01,7328400,0.0
2016-07-08 01:05:01,7328700,0.0
2016-07-08 01:10:01,7329000,0.0
2016-07-08 01:15:01,7329300,0.0
2016-07-08 01:20:01,7329600,0.0
2016-07-08 01:25:01,7329900,0.0
2016-07-08 01:30:01,7330200,0.0
2016-07-08 01:35:01,7330500,0.0
2016-07-08 01:40:01,7330800,0.0
2016-07-08 01:45:01,7331100,0.0
2016-07-08 01:50:01,7331400,0.0
2016-07-08 01:55:01,7331700,0.0
2016-07-08 02:00:01,7332000,0.0
2016-07-08 02:05:01,7332300,0.0
2016-07-08 02:10:01,7332600,0.0
2016-07-08 02:15:01,7332900,0.0
2016-07-08 02:20:01,7333200,0.0
2016-07-08 02:25:01,7333500,0.0
2016-07-08 02:30:01,7333800,0.0
2016-07-08 02:35:01,7334100,0.0
2016-07-08 02:40:01,7334400,0.0
2016-07-08 02:45:01,7334700,0.0
2016-07-08 02:50:01,7335000,0.0
2016-07-08 02:55:01,7335300,0.0
2016-07-08 03:00:01,7335600,0.0
2016-07-08 03:05:01,7335900,0.0
2016-07-08 03:10:01,7336200,0.0
2016-07-08 03:15:01,7336500,0.0
2016-07-08 03:20:01,7336800,0.0
2016-07-08 03:25:01,7337100,0.0
2016-07-08 03:30:01,7337400,0.0
2016-07-08 03:35:01,7337700,0.0
2016-07-08 03:40:01,7338000,0.0
2016-07-08 03:45:01,7338300,0.0
2016-07-08 03:50:01,7338600,0.0
2016-07-08 03:55:01,7338900,0.0
2016-07-08 04:00:01,7339200,0.0
2016-07-08 04:05:01,7339500,0.0
2016-07-08 04:10:01,7339800,0.0
2016-07-08 04:15:01,7340100,0.0
2016-07-08 04:20:01,7340400,0.0
2016-07-08 04:25:01,7340700,0.0
2016-07-08 04:30:01,7341000,0.0
2016-07-08 04:35:01,7341300,0.0
2016-07-08 04:40:01,7341600,0.0
2016-07-08 04:45:01,7341900,0.0
2016-07-08 04:50:01,7342200,0.0
2016-07-08 04:55:01,7342500,0.0
2016-07-08 05:00:01,7342800,0.0
2016-07-08 05:05:01,7343100,0.0
2016-07-08 05:10:01,7343400,0.0
2016-07-08 05:15:01,7343700,0.0
2016-07-08 05:20:01,7344000,0.0
2016-07-08 05:25:01,7344300,0.0
2016-07-08 05:30:01,7344600,0.0
2016-07-08 05:35:01,7344900,0.0
2016-07-08 05:40:01,7345200,0.0
2016-07-08 05:45:01,7345500,0.0
2016-07-08 05:50:01,7345800,0.0
2016-07-08 05:55:01,7346100,0.0
2016-07-08 06:00:01,7346400,0.0
2016-07-08 06:05:01,7346700,0.0
2016-07-08 06:10:01,7347000,0.0
2016-07-08 06:15:01,7347300,0.0
2016-07-08 06:20:01,7347600,0.0
2016-07-08 06:25:01,7347900,0.0
2016-07-08 06:30:01,7348200,0.0
2016-07-08 06:35:01,7348500,0.0
2016-07-08 06:40:01,7348800,0.0
2016-07-08 06:45:01,7349100,0.0
2016-07-08 06:50:01,7349400,0.0
2016-07-08 06:55:01,7349700,0.0
2016-07-08 07:00:01,7350000,0.0
2016-07-08 07:05:01,7350300,0.0
2016-07-08 07:10:01,7350600,16.0
2016-07-08 07:15:01,7350900,18.0
2016-07-08 07:20:01,7351200,20.0
2016-07-08 07:25:01,7351500,21.0
2016-07-08 07:30:01,7351800,23.0
2016-07-08 07:35:01,7352100,25.0
2016-07-08 07:40:01,7352400,26.0
2016-07-08 07:45:01,7352700,27.0
2016-07-08 07:50:01,7353000,28.0
2016-07-08 07:55:01,7353300,28.0
2016-07-08 08:00:01,7353600,30.0
2016-07-08 08:05:01,7353900,32.0
2016-07-08 08:10:01,7354200,32.0
2016-07-08 08:15:01,7354500,33.0
2016-07-08 08:20:01,7354800,33.0
2016-07-08 08:25:01,7355100,34.0
2016-07-08 08:30:01,7355400,35.0
2016-07-08 08:35:01,7355700,34.0
2016-07-08 08:40:01,7356000,38.0
2016-07-08 08:45:01,7356300,61.0
2016-07-08 08:50:01,7356600,57.0
2016-07-08 08:55:01,7356900,56.0
2016-07-08 09:00:01,7357200,155.0
2016-07-08 09:05:01,7357500,197.0
2016-07-08 09:10:01,7357800,224.0
2016-07-08 09:15:01,7358100,248.0
2016-07-08 09:20:01,7358400,271.0
2016-07-08 09:25:01,7358700,292.0
2016-07-08 09:30:01,7359000,320.0
2016-07-08 09:35:01,7359300,346.0
2016-07-08 09:40:01,7359600,357.0
2016-07-08 09:45:01,7359900,378.0
2016-07-08 09:50:01,7360200,409.0
2016-07-08 09:55:01,7360500,433.0
2016-07-08 10:00:01,7360800,448.0
2016-07-08 10:05:01,7361100,473.0
2016-07-08 10:10:01,7361400,499.0
2016-07-08 10:15:01,7361700,513.0
2016-07-08 10:20:01,7362000,497.0
2016-07-08 10:25:01,7362300,561.0
2016-07-08 10:30:01,7362600,577.0
2016-07-08 10:35:01,7362900,611.0
2016-07-08 10:40:01,7363200,635.0
2016-07-08 10:45:01,7363500,600.0
2016-07-08 10:50:01,7363800,660.0
2016-07-08 10:55:01,7364100,683.0
2016-07-08 11:00:01,7364400,697.0
2016-07-08 11:05:01,7364700,701.0
2016-07-08 11:10:01,7365000,636.0
2016-07-08 11:15:01,7365300,747.0
2016-07-08 11:20:01,7365600,769.0
2016-07-08 11:25:01,7365900,786.0
2016-07-08 11:30:01,7366200,782.0
2016-07-08 11:35:01,7366500,744.0
2016-07-08 11:40:01,7366800,796.0
2016-07-08 11:45:01,7367100,852.0
2016-07-08 11:50:01,7367400,857.0
2016-07-08 11:55:01,7367700,873.0
2016-07-08 12:00:01,7368000,873.0
2016-07-08 12:05:01,7368300,768.0
2016-07-08 12:10:01,7368600,914.0
2016-07-08 12:15:01,7368900,962.0
2016-07-08 12:20:01,7369200,742.0
2016-07-08 12:25:01,7369500,937.0
2016-07-08 12:30:01,7369800,973.0
2016-07-08 12:35:01,7370100,982.0
2016-07-08 12:40:01,7370400,999.0
2016-07-08 12:45:01,7370700,1010.0
2016-07-08 12:50:01,7371000,1028.0
2016-07-08 12:55:01,7371300,1010.0
2016-07-08 13:00:01,7371600,971.0
2016-07-08 13:05:01,7371900,1015.0
2016-07-08 13:10:01,7372200,956.0
2016-07-08 13:15:01,7372500,1004.0
2016-07-08 13:20:01,7372800,1015.0
2016-07-08 13:25:01,7373100,995.0
2016-07-08 13:30:01,7373400,1060.0
2016-07-08 13:35:01,7373700,1078.0
2016-07-08 13:40:01,7374000,1067.0
2016-07-08 13:45:01,7374300,1067.0
2016-07-08 13:50:01,7374600,1039.0
2016-07-08 13:55:01,7374900,1053.0
2016-07-08 14:00:01,7375200,1053.0
2016-07-08 14:05:01,7375500,1090.0
2016-07-08 14:10:01,7375800,1097.0
2016-07-08 14:15:01,7376100,1094.0
2016-07-08 14:20:01,7376400,1101.0
2016-07-08 14:25:01,7376700,956.0
2016-07-08 14:30:01,7377000,1095.0
2016-07-08 14:35:01,7377300,1094.0
2016-07-08 14:40:01,7377600,1081.0
2016-07-08 14:45:01,7377900,1086.0
2016-07-08 14:50:01,7378200,1078.0
2016-07-08 14:55:01,7378500,1078.0
2016-07-08 15:00:01,7378800,1064.0
2016-07-08 15:05:01,7379100,302.0
2016-07-08 15:10:01,7379400,1070.0
2016-07-08 15:15:01,7379700,1072.0
2016-07-08 15:20:01,7380000,1060.0
2016-07-08 15:25:01,7380300,1059.0
2016-07-08 15:30:01,7380600,1059.0
2016-07-08 15:35:01,7380900,982.0
2016-07-08 15:40:01,7381200,1032.0
2016-07-08 15:45:01,7381500,1040.0
2016-07-08 15:50:01,7381800,1031.0
2016-07-08 15:55:02,7382100,1025.0
2016-07-08 16:00:01,7382400,940.0
2016-07-08 16:05:01,7382700,1020.0
2016-07-08 16:10:01,7383000,978.0
2016-07-08 16:15:01,7383300,906.0
2016-07-08 16:20:01,7383600,911.0
2016-07-08 16:25:01,7383900,904.0
2016-07-08 16:30:01,7384200,939.0
2016-07-08 16:35:01,7384500,950.0
2016-07-08 16:40:01,7384800,696.0
2016-07-08 16:45:01,7385100,953.0
2016-07-08 16:50:01,7385400,831.0
2016-07-08 16:55:01,7385700,812.0
2016-07-08 17:00:01,7386000,891.0
2016-07-08 17:05:01,7386300,850.0
2016-07-08 17:10:01,7386600,772.0
2016-07-08 17:15:01,7386900,790.0
2016-07-08 17:20:01,7387200,787.0
2016-07-08 17:25:01,7387500,722.0
2016-07-08 17:30:01,7387800,757.0
2016-07-08 17:35:01,7388100,681.0
2016-07-08 17:40:01,7388400,588.0
2016-07-08 17:45:01,7388700,679.0
2016-07-08 17:50:01,7389000,643.0
2016-07-08 17:55:01,7389300,619.0
2016-07-08 18:00:01,7389600,592.0
2016-07-08 18:05:01,7389900,543.0
2016-07-08 18:10:01,7390200,498.0
2016-07-08 18:15:01,7390500,481.0
2016-07-08 18:20:01,7390800,363.0
2016-07-08 18:25:01,7391100,394.0
2016-07-08 18:30:01,7391400,507.0
2016-07-08 18:35:01,7391700,512.0
2016-07-08 18:40:01,7392000,462.0
2016-07-08 18:45:01,7392300,418.0
2016-07-08 18:50:01,7392600,361.0
2016-07-08 18:55:01,7392900,351.0
2016-07-08 19:00:01,7393200,309.0
2016-07-08 19:05:01,7393500,382.0
2016-07-08 19:10:01,7393800,381.0
2016-07-08 19:15:01,7394100,311.0
2016-07-08 19:20:01,7394400,192.0
2016-07-08 19:25:01,7394700,129.0
2016-07-08 19:30:01,7395000,88.0
2016-07-08 19:35:01,7395300,81.0
2016-07-08 19:40:01,7395600,78.0
2016-07-08 19:45:01,7395900,72.0
2016-07-08 19:50:01,7396200,65.0
2016-07-08 19:55:01,7396500,66.0
2016-07-08 20:00:01,7396800,66.0
2016-07-08 20:05:01,7397100,61.0
2016-07-08 20:10:01,7397400,56.0
2016-07-08 20:15:01,7397700,57.0
2016-07-08 20:20:01,7398000,60.0
2016-07-08 20:25:01,7398300,61.0
2016-07-08 20:30:01,7398600,60.0
2016-07-08 20:35:01,7398900,60.0
2016-07-08 20:40:01,7399200,59.0
2016-07-08 20:45:01,7399500,57.0
2016-07-08 20:50:01,7399800,50.0
2016-07-08 20:55:01,7400100,42.0
2016-07-08 21:00:01,7400400,35.0
2016-07-08 21:05:01,7400700,30.0
2016-07-08 21:10:01,7401000,27.0
2016-07-08 21:15:01,7401300,24.0
2016-07-08 21:20:01,7401600,20.0
2016-07-08 21:25:01,7401900,0.0
2016-07-08 21:30:01,7402200,0.0
2016-07-08 21:35:01,7402500,0.0
2016-07-08 21:40:01,7402800,0.0
2016-07-08 21:45:01,7403100,0.0
2016-07-08 21:50:01,7403400,0.0
2016-07-08 21:55:01,7403700,0.0
2016-07-08 22:00:01,7404000,0.0
2016-07-08 22:05:01,7404300,0.0
2016-07-08 22:10:01,7404600,0.0
2016-07-08 22:15:01,7404900,0.0
2016-07-08 22:20:01,7405200,0.0
2016-07-08 22:25:01,7405500,0.0
2016-07-08 22:30:01,7405800,0.0
2016-07-08 22:35:01,7406100,0.0
2016-07-08 22:40:01,7406400,0.0
2016-07-08 22:45:01,7406700,0.0
2016-07-08 22:50:01,7407000,0.0
2016-07-08 22:55:01,7407300,0.0
2016-07-08 23:00:01,7407600,0.0
2016-07-08 23:05:01,7407900,0.0
2016-07-08 23:10:01,7408200,0.0
2016-07-08 23:15:01,7408500,0.0
2016-07-08 23:20:01,7408800,0.0
2016-07-08 23:25:01,7409100,0.0
2016-07-08 23:30:01,7409400,0.0
2016-07-08 23:35:01,7409700,0.0
2016-07-08 23:40:01,7410000,0.0
2016-07-08 23:45:01,7410300,0.0
2016-07-08 23:50:01,7410600,0.0
2016-07-08 23:55:01,7410900,0.0
2016-07-09 00:00:01,7411200,0.0
2016-07-09 00:05:01,7411500,0.0
2016-07-09 00:10:01,7411800,0.0
2016-07-09 00:15:01,7412100,0.0
2016-07-09 00:20:01,7412400,0.0
2016-07-09 00:25:01,7412700,0.0
2016-07-09 00:30:01,7413000,0.0
2016-07-09 00:35:01,7413300,0.0
2016-07-09 00:40:01,7413600,0.0
2016-07-09 00:45:01,7413900,0.0
2016-07-09 00:50:01,7414200,0.0
2016-07-09 00:55:01,7414500,0.0
2016-07-09 01:00:01,7414800,0.0
2016-07-09 01:05:01,7415100,0.0
2016-07-09 01:10:01,7415400,0.0
2016-07-09 01:15:01,7415700,0.0
2016-07-09 01:20:01,7416000,0.0
2016-07-09 01:25:01,7416300,0.0
2016-07-09 01:30:01,7416600,0.0
2016-07-09 01:35:01,7416900,0.0
2016-07-09 01:40:01,7417200,0.0
2016-07-09 01:45:01,7417500,0.0
2016-07-09 01:50:01,7417800,0.0
2016-07-09 01:55:01,7418100,0.0
2016-07-09 02:00:01,7418400,0.0
2016-07-09 02:05:01,7418700,0.0
2016-07-09 02:10:01,7419000,0.0
2016-07-09 02:15:01,7419300,0.0
2016-07-09 02:20:01,7419600,0.0
2016-07-09 02:25:01,7419900,0.0
2016-07-09 02:30:01,7420200,0.0
2016-07-09 02:35:01,7420500,0.0
2016-07-09 02:40:01,7420800,0.0
2016-07-09 02:45:01,7421100,0.0
2016-07-09 02:50:01,7421400,0.0
2016-07-09 02:55:01,7421700,0.0
2016-07-09 03:00:01,7422000,0.0
2016-07-09 03:05:01,7422300,0.0
2016-07-09 03:10:01,7422600,0.0
2016-07-09 03:15:01,7422900,0.0
2016-07-09 03:20:01,7423200,0.0
2016-07-09 03:25:01,7423500,0.0
2016-07-09 03:30:01,7423800,0.0
2016-07-09 03:35:01,7424100,0.0
2016-07-09 03:40:01,7424400,0.0
2016-07-09 03:45:01,7424700,0.0
2016-07-09 03:50:01,7425000,0.0
2016-07-09 03:55:01,7425300,0.0
2016-07-09 04:00:01,7425600,0.0
2016-07-09 04:05:01,7425900,0.0
2016-07-09 04:10:01,7426200,0.0
2016-07-09 04:15:01,7426500,0.0
2016-07-09 04:20:01,7426800,0.0
2016-07-09 04:25:01,7427100,0.0
2016-07-09 04:30:01,7427400,0.0
2016-07-09 04:35:01,7427700,0.0
2016-07-09 04:40:01,7428000,0.0
2016-07-09 04:45:01,7428300,0.0
2016-07-09 04:50:01,7428600,0.0
2016-07-09 04:55:01,7428900,0.0
2016-07-09 05:00:01,7429200,0.0
2016-07-09 05:05:01,7429500,0.0
2016-07-09 05:10:01,7429800,0.0
2016-07-09 05:15:01,7430100,0.0
2016-07-09 05:20:01,7430400,0.0
2016-07-09 05:25:01,7430700,0.0
2016-07-09 05:30:01,7431000,0.0
2016-07-09 05:35:01,7431300,0.0
2016-07-09 05:40:01,7431600,0.0
2016-07-09 05:45:01,7431900,0.0
2016-07-09 05:50:01,7432200,0.0
2016-07-09 05:55:01,7432500,0.0
2016-07-09 06:00:01,7432800,0.0
2016-07-09 06:05:01,7433100,0.0
2016-07-09 06:10:01,7433400,0.0
2016-07-09 06:15:01,7433700,0.0
2016-07-09 06:20:01,7434000,0.0
2016-07-09 06:25:01,7434300,0.0
2016-07-09 06:30:01,7434600,0.0
2016-07-09 06:35:01,7434900,0.0
2016-07-09 06:40:01,7435200,0.0
2016-07-09 06:45:01,7435500,0.0
2016-07-09 06:50:01,7435800,0.0
2016-07-09 06:55:01,7436100,0.0
2016-07-09 07:00:01,7436400,0.0
2016-07-09 07:05:01,7436700,0.0
2016-07-09 07:10:01,7437000,0.0
2016-07-09 07:15:01,7437300,0.0
2016-07-09 07:20:01,7437600,0.0
2016-07-09 07:25:01,7437900,0.0
2016-07-09 07:30:01,7438200,16.0
2016-07-09 07:35:01,7438500,21.0
2016-07-09 07:40:01,7438800,23.0
2016-07-09 07:45:01,7439100,25.0
2016-07-09 07:50:01,7439400,29.0
2016-07-09 07:55:01,7439700,33.0
2016-07-09 08:00:01,7440000,35.0
2016-07-09 08:05:01,7440300,32.0
2016-07-09 08:10:01,7440600,46.0
2016-07-09 08:15:01,7440900,62.0
2016-07-09 08:20:01,7441200,65.0
2016-07-09 08:25:01,7441500,70.0
2016-07-09 08:30:01,7441800,76.0
2016-07-09 08:35:01,7442100,71.0
2016-07-09 08:40:01,7442400,87.0
2016-07-09 08:45:01,7442700,91.0
2016-07-09 08:50:01,7443000,100.0
2016-07-09 08:55:01,7443300,108.0
2016-07-09 09:00:01,7443600,115.0
2016-07-09 09:05:01,7443900,119.0
2016-07-09 09:10:01,7444200,122.0
2016-07-09 09:15:01,7444500,114.0
2016-07-09 09:20:01,7444800,129.0
2016-07-09 09:25:01,7445100,136.0
2016-07-09 09:30:01,7445400,136.0
2016-07-09 09:35:01,7445700,178.0
2016-07-09 09:40:01,7446000,208.0
2016-07-09 09:45:01,7446300,200.0
2016-07-09 09:50:01,7446600,192.0
2016-07-09 09:55:01,7446900,197.0
2016-07-09 10:00:01,7447200,200.0
2016-07-09 10:05:01,7447500,236.0
2016-07-09 10:10:01,7447800,214.0
2016-07-09 10:15:01,7448100,201.0
2016-07-09 10:20:01,7448400,182.0
2016-07-09 10:25:01,7448700,178.0
2016-07-09 10:30:01,7449000,166.0
2016-07-09 10:35:01,7449300,194.0
2016-07-09 10:40:01,7449600,264.0
2016-07-09 10:45:01,7449900,324.0
2016-07-09 10:50:01,7450200,290.0
2016-07-09 10:55:01,7450500,306.0
2016-07-09 11:00:01,7450800,287.0
2016-07-09 11:05:01,7451100,280.0
2016-07-09 11:10:01,7451400,266.0
2016-07-09 11:15:01,7451700,288.0
2016-07-09 11:20:01,7452000,288.0
2016-07-09 11:25:01,7452300,241.0
2016-07-09 11:30:01,7452600,254.0
2016-07-09 11:35:01,7452900,281.0
2016-07-09 11:40:01,7453200,256.0
2016-07-09 11:45:01,7453500,255.0
2016-07-09 11:50:01,7453800,281.0
2016-07-09 11:55:01,7454100,276.0
2016-07-09 12:00:01,7454400,278.0
2016-07-09 12:05:01,7454700,224.0
2016-07-09 12:10:01,7455000,245.0
2016-07-09 12:15:01,7455300,260.0
2016-07-09 12:20:01,7455600,250.0
2016-07-09 12:25:01,7455900,220.0
2016-07-09 12:30:01,7456200,202.0
2016-07-09 12:35:01,7456500,209.0
2016-07-09 12:40:01,7456800,180.0
2016-07-09 12:45:01,7457100,183.0
2016-07-09 12:50:01,7457400,219.0
2016-07-09 12:55:01,7457700,196.0
2016-07-09 13:00:01,7458000,221.0
2016-07-09 13:05:01,7458300,217.0
2016-07-09 13:10:01,7458600,160.0
2016-07-09 13:15:01,7458900,167.0
2016-07-09 13:20:01,7459200,204.0
2016-07-09 13:25:01,7459500,195.0
2016-07-09 13:30:01,7459800,214.0
2016-07-09 13:35:01,7460100,234.0
2016-07-09 13:40:01,7460400,234.0
2016-07-09 13:45:01,7460700,251.0
2016-07-09 13:50:01,7461000,264.0
2016-07-09 13:55:01,7461300,258.0
2016-07-09 14:00:01,7461600,274.0
2016-07-09 14:05:01,7461900,263.0
2016-07-09 14:10:01,7462200,266.0
2016-07-09 14:15:01,7462500,293.0
2016-07-09 14:20:01,7462800,315.0
2016-07-09 14:25:01,7463100,284.0
2016-07-09 14:30:01,7463400,314.0
2016-07-09 14:35:01,7463700,306.0
2016-07-09 14:40:01,7464000,285.0
2016-07-09 14:45:01,7464300,271.0
2016-07-09 14:50:01,7464600,298.0
2016-07-09 14:55:01,7464900,397.0
2016-07-09 15:00:01,7465200,491.0
2016-07-09 15:05:01,7465500,559.0
2016-07-09 15:10:01,7465800,569.0
2016-07-09 15:15:01,7466100,469.0
2016-07-09 15:20:01,7466400,443.0
2016-07-09 15:25:01,7466700,1289.0
2016-07-09 15:30:01,7467000,1242.0
2016-07-09 15:35:01,7467300,928.0
2016-07-09 15:40:01,7467600,321.0
2016-07-09 15:45:01,7467900,579.0
2016-07-09 15:50:01,7468200,1098.0
2016-07-09 15:55:01,7468500,1076.0
2016-07-09 16:00:01,7468800,517.0
2016-07-09 16:05:01,7469100,1044.0
2016-07-09 16:10:01,7469400,497.0
2016-07-09 16:15:01,7469700,983.0
2016-07-09 16:20:01,7470000,990.0
2016-07-09 16:25:01,7470300,948.0
2016-07-09 16:30:01,7470600,940.0
2016-07-09 16:35:01,7470900,910.0
2016-07-09 16:40:01,7471200,894.0
2016-07-09 16:45:01,7471500,885.0
2016-07-09 16:50:01,7471800,869.0
2016-07-09 16:55:01,7472100,854.0
2016-07-09 17:00:01,7472400,842.0
2016-07-09 17:05:01,7472700,831.0
2016-07-09 17:10:01,7473000,805.0
2016-07-09 17:15:01,7473300,790.0
2016-07-09 17:20:01,7473600,778.0
2016-07-09 17:25:01,7473900,761.0
2016-07-09 17:30:01,7474200,742.0
2016-07-09 17:35:01,7474500,725.0
2016-07-09 17:40:01,7474800,706.0
2016-07-09 17:45:01,7475100,689.0
2016-07-09 17:50:01,7475400,669.0
2016-07-09 17:55:01,7475700,652.0
2016-07-09 18:00:01,7476000,632.0
2016-07-09 18:05:01,7476300,611.0
2016-07-09 18:10:01,7476600,557.0
2016-07-09 18:15:01,7476900,572.0
2016-07-09 18:20:01,7477200,550.0
2016-07-09 18:25:01,7477500,530.0
2016-07-09 18:30:01,7477800,510.0
2016-07-09 18:35:01,7478100,488.0
2016-07-09 18:40:01,7478400,468.0
2016-07-09 18:45:01,7478700,447.0
2016-07-09 18:50:01,7479000,425.0
2016-07-09 18:55:01,7479300,403.0
2016-07-09 19:00:01,7479600,381.0
2016-07-09 19:05:01,7479900,359.0
2016-07-09 19:10:01,7480200,338.0
2016-07-09 19:15:01,7480500,274.0
2016-07-09 19:20:01,7480800,242.0
2016-07-09 19:25:01,7481100,72.0
2016-07-09 19:30:01,7481400,38.0
2016-07-09 19:35:01,7481700,41.0
2016-07-09 19:40:01,7482000,37.0
2016-07-09 19:45:01,7482300,36.0
2016-07-09 19:50:01,7482600,35.0
2016-07-09 19:55:01,7482900,35.0
2016-07-09 20:00:01,7483200,35.0
2016-07-09 20:05:01,7483500,33.0
2016-07-09 20:10:01,7483800,33.0
2016-07-09 20:15:01,7484100,33.0
2016-07-09 20:20:01,7484400,31.0
2016-07-09 20:25:01,7484700,30.0
2016-07-09 20:30:02,7485000,29.0
2016-07-09 20:35:01,7485300,28.0
2016-07-09 20:40:01,7485600,27.0
2016-07-09 20:45:01,7485900,26.0
2016-07-09 20:50:01,7486200,25.0
2016-07-09 20:55:01,7486500,23.0
2016-07-09 21:00:01,7486800,22.0
2016-07-09 21:05:01,7487100,21.0
2016-07-09 21:10:01,7487400,20.0
2016-07-09 21:15:01,7487700,0.0
2016-07-09 21:20:01,7488000,0.0
2016-07-09 21:25:01,7488300,0.0
2016-07-09 21:30:01,7488600,0.0
2016-07-09 21:35:01,7488900,0.0
2016-07-09 21:40:01,7489200,0.0
2016-07-09 21:45:01,7489500,0.0
2016-07-09 21:50:01,7489800,0.0
2016-07-09 21:55:01,7490100,0.0
2016-07-09 22:00:01,7490400,0.0
2016-07-09 22:05:01,7490700,0.0
2016-07-09 22:10:01,7491000,0.0
2016-07-09 22:15:01,7491300,0.0
2016-07-09 22:20:01,7491600,0.0
2016-07-09 22:25:01,7491900,0.0
2016-07-09 22:30:01,7492200,0.0
2016-07-09 22:35:01,7492500,0.0
2016-07-09 22:40:01,7492800,0.0
2016-07-09 22:45:01,7493100,0.0
2016-07-09 22:50:01,7493400,0.0
2016-07-09 22:55:01,7493700,0.0
2016-07-09 23:00:01,7494000,0.0
2016-07-09 23:05:01,7494300,0.0
2016-07-09 23:10:01,7494600,0.0
2016-07-09 23:15:01,7494900,0.0
2016-07-09 23:20:01,7495200,0.0
2016-07-09 23:25:01,7495500,0.0
2016-07-09 23:30:01,7495800,0.0
2016-07-09 23:35:01,7496100,0.0
2016-07-09 23:40:01,7496400,0.0
2016-07-09 23:45:01,7496700,0.0
2016-07-09 23:50:01,7497000,0.0
2016-07-09 23:55:01,7497300,0.0
2016-07-10 00:00:01,7497600,0.0
2016-07-10 00:05:01,7497900,0.0
2016-07-10 00:10:01,7498200,0.0
2016-07-10 00:15:01,7498500,0.0
2016-07-10 00:20:01,7498800,0.0
2016-07-10 00:25:01,7499100,0.0
2016-07-10 00:30:01,7499400,0.0
2016-07-10 00:35:01,7499700,0.0
2016-07-10 00:40:01,7500000,0.0
2016-07-10 00:45:01,7500300,0.0
2016-07-10 00:50:01,7500600,0.0
2016-07-10 00:55:01,7500900,0.0
2016-07-10 01:00:01,7501200,0.0
2016-07-10 01:05:01,7501500,0.0
2016-07-10 01:10:01,7501800,0.0
2016-07-10 01:15:01,7502100,0.0
2016-07-10 01:20:01,7502400,0.0
2016-07-10 01:25:01,7502700,0.0
2016-07-10 01:30:01,7503000,0.0
2016-07-10 01:35:01,7503300,0.0
2016-07-10 01:40:01,7503600,0.0
2016-07-10 01:45:01,7503900,0.0
2016-07-10 01:50:01,7504200,0.0
2016-07-10 01:55:01,7504500,0.0
2016-07-10 02:00:01,7504800,0.0
2016-07-10 02:05:01,7505100,0.0
2016-07-10 02:10:01,7505400,0.0
2016-07-10 02:15:01,7505700,0.0
2016-07-10 02:20:01,7506000,0.0
2016-07-10 02:25:01,7506300,0.0
2016-07-10 02:30:01,7506600,0.0
2016-07-10 02:35:01,7506900,0.0
2016-07-10 02:40:01,7507200,0.0
2016-07-10 02:45:01,7507500,0.0
2016-07-10 02:50:01,7507800,0.0
2016-07-10 02:55:01,7508100,0.0
2016-07-10 03:00:01,7508400,0.0
2016-07-10 03:05:01,7508700,0.0
2016-07-10 03:10:01,7509000,0.0
2016-07-10 03:15:01,7509300,0.0
2016-07-10 03:20:01,7509600,0.0
2016-07-10 03:25:01,7509900,0.0
2016-07-10 03:30:01,7510200,0.0
2016-07-10 03:35:01,7510500,0.0
2016-07-10 03:40:01,7510800,0.0
2016-07-10 03:45:01,7511100,0.0
2016-07-10 03:50:01,7511400,0.0
2016-07-10 03:55:01,7511700,0.0
2016-07-10 04:00:01,7512000,0.0
2016-07-10 04:05:01,7512300,0.0
2016-07-10 04:10:01,7512600,0.0
2016-07-10 04:15:01,7512900,0.0
2016-07-10 04:20:01,7513200,0.0
2016-07-10 04:25:01,7513500,0.0
2016-07-10 04:30:01,7513800,0.0
2016-07-10 04:35:01,7514100,0.0
2016-07-10 04:40:01,7514400,0.0
2016-07-10 04:45:01,7514700,0.0
2016-07-10 04:50:01,7515000,0.0
2016-07-10 04:55:01,7515300,0.0
2016-07-10 05:00:01,7515600,0.0
2016-07-10 05:05:01,7515900,0.0
2016-07-10 05:10:01,7516200,0.0
2016-07-10 05:15:01,7516500,0.0
2016-07-10 05:20:01,7516800,0.0
2016-07-10 05:25:01,7517100,0.0
2016-07-10 05:30:01,7517400,0.0
2016-07-10 05:35:01,7517700,0.0
2016-07-10 05:40:01,7518000,0.0
2016-07-10 05:45:01,7518300,0.0
2016-07-10 05:50:01,7518600,0.0
2016-07-10 05:55:01,7518900,0.0
2016-07-10 06:00:01,7519200,0.0
2016-07-10 06:05:01,7519500,0.0
2016-07-10 06:10:01,7519800,0.0
2016-07-10 06:15:01,7520100,0.0
2016-07-10 06:20:01,7520400,0.0
2016-07-10 06:25:01,7520700,0.0
2016-07-10 06:30:01,7521000,0.0
2016-07-10 06:35:01,7521300,0.0
2016-07-10 06:40:01,7521600,0.0
2016-07-10 06:45:01,7521900,0.0
2016-07-10 06:50:01,7522200,0.0
2016-07-10 06:55:01,7522500,0.0
2016-07-10 07:00:01,7522800,0.0
2016-07-10 07:05:01,7523100,16.0
2016-07-10 07:10:01,7523400,23.0
2016-07-10 07:15:01,7523700,31.0
2016-07-10 07:20:01,7524000,38.0
2016-07-10 07:25:01,7524300,36.0
2016-07-10 07:30:01,7524600,31.0
2016-07-10 07:35:01,7524900,27.0
2016-07-10 07:40:01,7525200,34.0
2016-07-10 07:45:01,7525500,35.0
2016-07-10 07:50:01,7525800,48.0
2016-07-10 07:55:01,7526100,54.0
2016-07-10 08:00:01,7526400,70.0
2016-07-10 08:05:01,7526700,98.0
2016-07-10 08:10:01,7527000,130.0
2016-07-10 08:15:01,7527300,83.0
2016-07-10 08:20:01,7527600,84.0
2016-07-10 08:25:01,7527900,93.0
2016-07-10 08:30:01,7528200,80.0
2016-07-10 08:35:01,7528500,68.0
2016-07-10 08:40:01,7528800,110.0
2016-07-10 08:45:01,7529100,127.0
2016-07-10 08:50:01,7529400,139.0
2016-07-10 08:55:01,7529700,173.0
2016-07-10 09:00:01,7530000,161.0
2016-07-10 09:05:01,7530300,175.0
2016-07-10 09:10:01,7530600,292.0
2016-07-10 09:15:01,7530900,296.0
2016-07-10 09:20:01,7531200,287.0
2016-07-10 09:25:01,7531500,323.0
2016-07-10 09:30:01,7531800,361.0
2016-07-10 09:35:01,7532100,399.0
2016-07-10 09:40:01,7532400,419.0
2016-07-10 09:45:01,7532700,383.0
2016-07-10 09:50:01,7533000,206.0
2016-07-10 09:55:01,7533300,329.0
2016-07-10 10:00:01,7533600,209.0
2016-07-10 10:05:01,7533900,279.0
2016-07-10 10:10:01,7534200,642.0
2016-07-10 10:15:01,7534500,322.0
2016-07-10 10:20:01,7534800,283.0
2016-07-10 10:25:01,7535100,198.0
2016-07-10 10:30:01,7535400,273.0
2016-07-10 10:35:01,7535700,213.0
2016-07-10 10:40:01,7536000,239.0
2016-07-10 10:45:01,7536300,229.0
2016-07-10 10:50:01,7536600,319.0
2016-07-10 10:55:01,7536900,686.0
2016-07-10 11:00:01,7537200,393.0
2016-07-10 11:05:01,7537500,279.0
2016-07-10 11:10:01,7537800,380.0
2016-07-10 11:15:01,7538100,548.0
2016-07-10 11:20:01,7538400,281.0
2016-07-10 11:25:01,7538700,401.0
2016-07-10 11:30:01,7539000,392.0
2016-07-10 11:35:01,7539300,365.0
2016-07-10 11:40:01,7539600,388.0
2016-07-10 11:45:01,7539900,336.0
2016-07-10 11:50:01,7540200,889.0
2016-07-10 11:55:01,7540500,487.0
2016-07-10 12:00:01,7540800,680.0
2016-07-10 12:05:01,7541100,544.0
2016-07-10 12:10:01,7541400,338.0
2016-07-10 12:15:01,7541700,324.0
2016-07-10 12:20:01,7542000,758.0
2016-07-10 12:25:01,7542300,520.0
2016-07-10 12:30:01,7542600,511.0
2016-07-10 12:35:01,7542900,518.0
2016-07-10 12:40:01,7543200,1224.0
2016-07-10 12:45:01,7543500,688.0
2016-07-10 12:50:01,7543800,365.0
2016-07-10 12:55:01,7544100,418.0
2016-07-10 13:00:01,7544400,413.0
2016-07-10 13:05:01,7544700,1130.0
2016-07-10 13:10:01,7545000,593.0
2016-07-10 13:15:01,7545300,702.0
2016-07-10 13:20:01,7545600,579.0
2016-07-10 13:25:01,7545900,1134.0
2016-07-10 13:30:01,7546200,513.0
2016-07-10 13:35:01,7546500,1003.0
2016-07-10 13:40:01,7546800,1111.0
2016-07-10 13:45:01,7547100,1351.0
2016-07-10 13:50:01,7547400,644.0
2016-07-10 13:55:01,7547700,706.0
2016-07-10 14:00:01,7548000,483.0
2016-07-10 14:05:01,7548300,1345.0
2016-07-10 14:10:01,7548600,1004.0
2016-07-10 14:15:01,7548900,571.0
2016-07-10 14:20:01,7549200,1303.0
2016-07-10 14:25:01,7549500,500.0
2016-07-10 14:30:01,7549800,756.0
2016-07-10 14:35:01,7550100,483.0
2016-07-10 14:40:01,7550400,522.0
2016-07-10 14:45:01,7550700,556.0
2016-07-10 14:50:01,7551000,462.0
2016-07-10 14:55:01,7551300,590.0
2016-07-10 15:00:01,7551600,834.0
2016-07-10 15:05:01,7551900,478.0
2016-07-10 15:10:01,7552200,398.0
2016-07-10 15:15:01,7552500,701.0
2016-07-10 15:20:01,7552800,487.0
2016-07-10 15:25:01,7553100,753.0
2016-07-10 15:30:01,7553400,369.0
2016-07-10 15:35:01,7553700,327.0
2016-07-10 15:40:01,7554000,266.0
2016-07-10 15:45:01,7554300,259.0
2016-07-10 15:50:01,7554600,257.0
2016-07-10 15:55:01,7554900,281.0
2016-07-10 16:00:01,7555200,355.0
2016-07-10 16:05:01,7555500,283.0
2016-07-10 16:10:01,7555800,261.0
2016-07-10 16:15:01,7556100,300.0
2016-07-10 16:20:01,7556400,297.0
2016-07-10 16:25:01,7556700,308.0
2016-07-10 16:30:01,7557000,277.0
2016-07-10 16:35:01,7557300,247.0
2016-07-10 16:40:01,7557600,267.0
2016-07-10 16:45:01,7557900,265.0
2016-07-10 16:50:01,7558200,257.0
2016-07-10 16:55:01,7558500,203.0
2016-07-10 17:00:01,7558800,213.0
2016-07-10 17:05:01,7559100,222.0
2016-07-10 17:10:01,7559400,199.0
2016-07-10 17:15:01,7559700,187.0
2016-07-10 17:20:01,7560000,185.0
2016-07-10 17:25:01,7560300,136.0
2016-07-10 17:30:01,7560600,130.0
2016-07-10 17:35:01,7560900,142.0
2016-07-10 17:40:01,7561200,128.0
2016-07-10 17:45:01,7561500,112.0
2016-07-10 17:50:01,7561800,123.0
2016-07-10 17:55:01,7562100,184.0
2016-07-10 18:00:01,7562400,247.0
2016-07-10 18:05:01,7562700,162.0
2016-07-10 18:10:01,7563000,137.0
2016-07-10 18:15:01,7563300,128.0
2016-07-10 18:20:01,7563600,81.0
2016-07-10 18:25:01,7563900,83.0
2016-07-10 18:30:01,7564200,87.0
2016-07-10 18:35:01,7564500,108.0
2016-07-10 18:40:01,7564800,130.0
2016-07-10 18:45:01,7565100,79.0
2016-07-10 18:50:01,7565400,72.0
2016-07-10 18:55:01,7565700,44.0
2016-07-10 19:00:01,7566000,33.0
2016-07-10 19:05:01,7566300,30.0
2016-07-10 19:10:01,7566600,45.0
2016-07-10 19:15:01,7566900,131.0
2016-07-10 19:20:01,7567200,143.0
2016-07-10 19:25:01,7567500,189.0
2016-07-10 19:30:01,7567800,169.0
2016-07-10 19:35:01,7568100,173.0
2016-07-10 19:40:01,7568400,133.0
2016-07-10 19:45:01,7568700,160.0
2016-07-10 19:50:01,7569000,101.0
2016-07-10 19:55:01,7569300,104.0
2016-07-10 20:00:01,7569600,108.0
2016-07-10 20:05:01,7569900,100.0
2016-07-10 20:10:01,7570200,69.0
2016-07-10 20:15:01,7570500,85.0
2016-07-10 20:20:01,7570800,50.0
2016-07-10 20:25:01,7571100,22.0
2016-07-10 20:30:01,7571400,0.0
2016-07-10 20:35:01,7571700,20.0
2016-07-10 20:40:01,7572000,35.0
2016-07-10 20:45:01,7572300,33.0
2016-07-10 20:50:01,7572600,51.0
2016-07-10 20:55:01,7572900,39.0
2016-07-10 21:00:01,7573200,34.0
2016-07-10 21:05:01,7573500,26.0
2016-07-10 21:10:01,7573800,33.0
2016-07-10 21:15:01,7574100,28.0
2016-07-10 21:20:01,7574400,25.0
2016-07-10 21:25:01,7574700,21.0
2016-07-10 21:30:01,7575000,14.0
2016-07-10 21:35:01,7575300,16.0
2016-07-10 21:40:01,7575600,0.0
2016-07-10 21:45:01,7575900,0.0
2016-07-10 21:50:01,7576200,0.0
2016-07-10 21:55:01,7576500,0.0
2016-07-10 22:00:01,7576800,0.0
2016-07-10 22:05:01,7577100,0.0
2016-07-10 22:10:01,7577400,0.0
2016-07-10 22:15:01,7577700,0.0
2016-07-10 22:20:01,7578000,0.0
2016-07-10 22:25:01,7578300,0.0
2016-07-10 22:30:01,7578600,0.0
2016-07-10 22:35:01,7578900,0.0
2016-07-10 22:40:01,7579200,0.0
2016-07-10 22:45:01,7579500,0.0
2016-07-10 22:50:01,7579800,0.0
2016-07-10 22:55:01,7580100,0.0
2016-07-10 23:00:01,7580400,0.0
2016-07-10 23:05:01,7580700,0.0
2016-07-10 23:10:01,7581000,0.0
2016-07-10 23:15:01,7581300,0.0
2016-07-10 23:20:01,7581600,0.0
2016-07-10 23:25:01,7581900,0.0
2016-07-10 23:30:01,7582200,0.0
2016-07-10 23:35:01,7582500,0.0
2016-07-10 23:40:01,7582800,0.0
2016-07-10 23:45:01,7583100,0.0
2016-07-10 23:50:01,7583400,0.0
2016-07-10 23:55:01,7583700,0.0
2016-07-11 00:00:01,7584000,0.0
2016-07-11 00:05:01,7584300,0.0
2016-07-11 00:10:01,7584600,0.0
2016-07-11 00:15:01,7584900,0.0
2016-07-11 00:20:01,7585200,0.0
2016-07-11 00:25:01,7585500,0.0
2016-07-11 00:30:01,7585800,0.0
2016-07-11 00:35:01,7586100,0.0
2016-07-11 00:40:01,7586400,0.0
2016-07-11 00:45:01,7586700,0.0
2016-07-11 00:50:01,7587000,0.0
2016-07-11 00:55:01,7587300,0.0
2016-07-11 01:00:01,7587600,0.0
2016-07-11 01:05:01,7587900,0.0
2016-07-11 01:10:01,7588200,0.0
2016-07-11 01:15:01,7588500,0.0
2016-07-11 01:20:01,7588800,0.0
2016-07-11 01:25:01,7589100,0.0
2016-07-11 01:30:01,7589400,0.0
2016-07-11 01:35:01,7589700,0.0
2016-07-11 01:40:01,7590000,0.0
2016-07-11 01:45:01,7590300,0.0
2016-07-11 01:50:01,7590600,0.0
2016-07-11 01:55:01,7590900,0.0
2016-07-11 02:00:01,7591200,0.0
2016-07-11 02:05:01,7591500,0.0
2016-07-11 02:10:01,7591800,0.0
2016-07-11 02:15:01,7592100,0.0
2016-07-11 02:20:01,7592400,0.0
2016-07-11 02:25:01,7592700,0.0
2016-07-11 02:30:01,7593000,0.0
2016-07-11 02:35:01,7593300,0.0
2016-07-11 02:40:01,7593600,0.0
2016-07-11 02:45:01,7593900,0.0
2016-07-11 02:50:01,7594200,0.0
2016-07-11 02:55:01,7594500,0.0
2016-07-11 03:00:01,7594800,0.0
2016-07-11 03:05:01,7595100,0.0
2016-07-11 03:10:01,7595400,0.0
2016-07-11 03:15:01,7595700,0.0
2016-07-11 03:20:01,7596000,0.0
2016-07-11 03:25:01,7596300,0.0
2016-07-11 03:30:01,7596600,0.0
2016-07-11 03:35:01,7596900,0.0
2016-07-11 03:40:01,7597200,0.0
2016-07-11 03:45:01,7597500,0.0
2016-07-11 03:50:01,7597800,0.0
2016-07-11 03:55:01,7598100,0.0
2016-07-11 04:00:01,7598400,0.0
2016-07-11 04:05:01,7598700,0.0
2016-07-11 04:10:01,7599000,0.0
2016-07-11 04:15:01,7599300,0.0
2016-07-11 04:20:01,7599600,0.0
2016-07-11 04:25:01,7599900,0.0
2016-07-11 04:30:01,7600200,0.0
2016-07-11 04:35:01,7600500,0.0
2016-07-11 04:40:01,7600800,0.0
2016-07-11 04:45:01,7601100,0.0
2016-07-11 04:50:01,7601400,0.0
2016-07-11 04:55:01,7601700,0.0
2016-07-11 05:00:01,7602000,0.0
2016-07-11 05:05:01,7602300,0.0
2016-07-11 05:10:01,7602600,0.0
2016-07-11 05:15:01,7602900,0.0
2016-07-11 05:20:01,7603200,0.0
2016-07-11 05:25:01,7603500,0.0
2016-07-11 05:30:01,7603800,0.0
2016-07-11 05:35:01,7604100,0.0
2016-07-11 05:40:01,7604400,0.0
2016-07-11 05:45:01,7604700,0.0
2016-07-11 05:50:01,7605000,0.0
2016-07-11 05:55:01,7605300,0.0
2016-07-11 06:00:01,7605600,0.0
2016-07-11 06:05:01,7605900,0.0
2016-07-11 06:10:01,7606200,0.0
2016-07-11 06:15:01,7606500,0.0
2016-07-11 06:20:01,7606800,0.0
2016-07-11 06:25:01,7607100,0.0
2016-07-11 06:30:01,7607400,0.0
2016-07-11 06:35:01,7607700,0.0
2016-07-11 06:40:01,7608000,0.0
2016-07-11 06:45:01,7608300,0.0
2016-07-11 06:50:01,7608600,0.0
2016-07-11 06:55:01,7608900,0.0
2016-07-11 07:00:01,7609200,0.0
2016-07-11 07:05:01,7609500,0.0
2016-07-11 07:10:01,7609800,0.0
2016-07-11 07:15:01,7610100,0.0
2016-07-11 07:20:01,7610400,0.0
2016-07-11 07:25:01,7610700,0.0
2016-07-11 07:30:01,7611000,16.0
2016-07-11 07:35:01,7611300,0.0
2016-07-11 07:40:01,7611600,0.0
2016-07-11 07:45:01,7611900,16.0
2016-07-11 07:50:01,7612200,19.0
2016-07-11 07:55:01,7612500,38.0
2016-07-11 08:00:01,7612800,38.0
2016-07-11 08:05:01,7613100,54.0
2016-07-11 08:10:01,7613400,51.0
2016-07-11 08:15:01,7613700,76.0
2016-07-11 08:20:01,7614000,67.0
2016-07-11 08:25:01,7614300,68.0
2016-07-11 08:30:01,7614600,83.0
2016-07-11 08:35:01,7614900,79.0
2016-07-11 08:40:01,7615200,102.0
2016-07-11 08:45:01,7615500,111.0
2016-07-11 08:50:01,7615800,125.0
2016-07-11 08:55:01,7616100,143.0
2016-07-11 09:00:01,7616400,87.0
2016-07-11 09:05:01,7616700,56.0
2016-07-11 09:10:01,7617000,109.0
2016-07-11 09:15:01,7617300,72.0
2016-07-11 09:20:01,7617600,203.0
2016-07-11 09:25:01,7617900,186.0
2016-07-11 09:30:01,7618200,158.0
2016-07-11 09:35:01,7618500,164.0
2016-07-11 09:40:01,7618800,140.0
2016-07-11 09:45:01,7619100,122.0
2016-07-11 09:50:01,7619400,207.0
2016-07-11 09:55:01,7619700,155.0
2016-07-11 10:00:01,7620000,168.0
2016-07-11 10:05:01,7620300,202.0
2016-07-11 10:10:01,7620600,251.0
2016-07-11 10:15:01,7620900,217.0
2016-07-11 10:20:01,7621200,337.0
2016-07-11 10:25:01,7621500,475.0
2016-07-11 10:30:01,7621800,341.0
2016-07-11 10:35:01,7622100,330.0
2016-07-11 10:40:01,7622400,257.0
2016-07-11 10:45:01,7622700,253.0
2016-07-11 10:50:01,7623000,285.0
2016-07-11 10:55:01,7623300,256.0
2016-07-11 11:00:01,7623600,252.0
2016-07-11 11:05:01,7623900,203.0
2016-07-11 11:10:01,7624200,206.0
2016-07-11 11:15:01,7624500,215.0
2016-07-11 11:20:01,7624800,234.0
2016-07-11 11:25:01,7625100,205.0
2016-07-11 11:30:01,7625400,259.0
2016-07-11 11:35:01,7625700,212.0
2016-07-11 11:40:01,7626000,200.0
2016-07-11 11:45:01,7626300,232.0
2016-07-11 11:50:01,7626600,312.0
2016-07-11 11:55:01,7626900,292.0
2016-07-11 12:00:01,7627200,272.0
2016-07-11 12:05:01,7627500,321.0
2016-07-11 12:10:01,7627800,245.0
2016-07-11 12:15:01,7628100,293.0
2016-07-11 12:20:01,7628400,282.0
2016-07-11 12:25:01,7628700,270.0
2016-07-11 12:30:01,7629000,281.0
2016-07-11 12:35:01,7629300,318.0
2016-07-11 12:40:01,7629600,411.0
2016-07-11 12:45:01,7629900,587.0
2016-07-11 12:50:01,7630200,706.0
2016-07-11 12:55:01,7630500,741.0
2016-07-11 13:00:01,7630800,773.0
2016-07-11 13:05:01,7631100,483.0
2016-07-11 13:10:01,7631400,454.0
2016-07-11 13:15:01,7631700,425.0
2016-07-11 13:20:01,7632000,419.0
2016-07-11 13:25:01,7632300,289.0
2016-07-11 13:30:01,7632600,202.0
2016-07-11 13:35:01,7632900,152.0
2016-07-11 13:40:01,7633200,147.0
2016-07-11 13:45:01,7633500,128.0
2016-07-11 13:50:01,7633800,111.0
2016-07-11 13:55:01,7634100,144.0
2016-07-11 14:00:01,7634400,202.0
2016-07-11 14:05:01,7634700,267.0
2016-07-11 14:10:01,7635000,270.0
2016-07-11 14:15:01,7635300,344.0
2016-07-11 14:20:01,7635600,540.0
2016-07-11 14:25:01,7635900,424.0
2016-07-11 14:30:01,7636200,398.0
2016-07-11 14:35:01,7636500,353.0
2016-07-11 14:40:01,7636800,242.0
2016-07-11 14:45:01,7637100,749.0
2016-07-11 14:50:01,7637400,538.0
2016-07-11 14:55:01,7637700,529.0
2016-07-11 15:00:01,7638000,570.0
2016-07-11 15:05:01,7638300,608.0
2016-07-11 15:10:01,7638600,612.0
2016-07-11 15:15:01,7638900,293.0
2016-07-11 15:20:01,7639200,225.0
2016-07-11 15:25:01,7639500,328.0
2016-07-11 15:30:01,7639800,398.0
2016-07-11 15:35:01,7640100,428.0
2016-07-11 15:40:01,7640400,438.0
2016-07-11 15:45:01,7640700,950.0
2016-07-11 15:50:01,7641000,543.0
2016-07-11 15:55:01,7641300,362.0
2016-07-11 16:00:01,7641600,302.0
2016-07-11 16:05:01,7641900,322.0
2016-07-11 16:10:01,7642200,240.0
2016-07-11 16:15:01,7642500,186.0
2016-07-11 16:20:01,7642800,277.0
2016-07-11 16:25:01,7643100,348.0
2016-07-11 16:30:01,7643400,287.0
2016-07-11 16:35:01,7643700,865.0
2016-07-11 16:40:01,7644000,307.0
2016-07-11 16:45:01,7644300,542.0
2016-07-11 16:50:01,7644600,673.0
2016-07-11 16:55:01,7644900,340.0
2016-07-11 17:00:01,7645200,419.0
2016-07-11 17:05:01,7645500,419.0
2016-07-11 17:10:01,7645800,967.0
2016-07-11 17:15:01,7646100,728.0
2016-07-11 17:20:01,7646400,825.0
2016-07-11 17:25:01,7646700,795.0
2016-07-11 17:30:01,7647000,760.0
2016-07-11 17:35:01,7647300,749.0
2016-07-11 17:40:01,7647600,715.0
2016-07-11 17:45:01,7647900,712.0
2016-07-11 17:50:01,7648200,705.0
2016-07-11 17:55:01,7648500,705.0
2016-07-11 18:00:01,7648800,465.0
2016-07-11 18:05:01,7649100,643.0
2016-07-11 18:10:01,7649400,489.0
2016-07-11 18:15:01,7649700,516.0
2016-07-11 18:20:01,7650000,622.0
2016-07-11 18:25:01,7650300,100.0
2016-07-11 18:30:01,7650600,611.0
2016-07-11 18:35:01,7650900,467.0
2016-07-11 18:40:01,7651200,101.0
2016-07-11 18:45:01,7651500,554.0
2016-07-11 18:50:01,7651800,164.0
2016-07-11 18:55:01,7652100,130.0
2016-07-11 19:00:01,7652400,265.0
2016-07-11 19:05:01,7652700,171.0
2016-07-11 19:10:01,7653000,150.0
2016-07-11 19:15:01,7653300,427.0
2016-07-11 19:20:01,7653600,221.0
2016-07-11 19:25:01,7653900,212.0
2016-07-11 19:30:01,7654200,135.0
2016-07-11 19:35:01,7654500,101.0
2016-07-11 19:40:01,7654800,82.0
2016-07-11 19:45:01,7655100,55.0
2016-07-11 19:50:01,7655400,51.0
2016-07-11 19:55:01,7655700,69.0
2016-07-11 20:00:01,7656000,118.0
2016-07-11 20:05:01,7656300,120.0
2016-07-11 20:10:01,7656600,89.0
2016-07-11 20:15:01,7656900,57.0
2016-07-11 20:20:01,7657200,43.0
2016-07-11 20:25:01,7657500,34.0
2016-07-11 20:30:01,7657800,29.0
2016-07-11 20:35:01,7658100,34.0
2016-07-11 20:40:01,7658400,54.0
2016-07-11 20:45:01,7658700,68.0
2016-07-11 20:50:01,7659000,58.0
2016-07-11 20:55:01,7659300,42.0
2016-07-11 21:00:01,7659600,33.0
2016-07-11 21:05:01,7659900,26.0
2016-07-11 21:10:01,7660200,24.0
2016-07-11 21:15:01,7660500,23.0
2016-07-11 21:20:01,7660800,25.0
2016-07-11 21:25:01,7661100,26.0
2016-07-11 21:30:01,7661400,26.0
2016-07-11 21:35:01,7661700,21.0
2016-07-11 21:40:01,7662000,0.0
2016-07-11 21:45:01,7662300,0.0
2016-07-11 21:50:01,7662600,0.0
2016-07-11 21:55:01,7662900,0.0
2016-07-11 22:00:01,7663200,0.0
2016-07-11 22:05:01,7663500,0.0
2016-07-11 22:10:01,7663800,0.0
2016-07-11 22:15:01,7664100,0.0
2016-07-11 22:20:01,7664400,0.0
2016-07-11 22:25:01,7664700,0.0
2016-07-11 22:30:01,7665000,0.0
2016-07-11 22:35:01,7665300,0.0
2016-07-11 22:40:01,7665600,0.0
2016-07-11 22:45:01,7665900,0.0
2016-07-11 22:50:01,7666200,0.0
2016-07-11 22:55:01,7666500,0.0
2016-07-11 23:00:01,7666800,0.0
2016-07-11 23:05:01,7667100,0.0
2016-07-11 23:10:01,7667400,0.0
2016-07-11 23:15:01,7667700,0.0
2016-07-11 23:20:01,7668000,0.0
2016-07-11 23:25:01,7668300,0.0
2016-07-11 23:30:01,7668600,0.0
2016-07-11 23:35:01,7668900,0.0
2016-07-11 23:40:01,7669200,0.0
2016-07-11 23:45:01,7669500,0.0
2016-07-11 23:50:01,7669800,0.0
2016-07-11 23:55:01,7670100,0.0
2016-07-12 00:00:01,7670400,0.0
2016-07-12 00:05:01,7670700,0.0
2016-07-12 00:10:01,7671000,0.0
2016-07-12 00:15:01,7671300,0.0
2016-07-12 00:20:01,7671600,0.0
2016-07-12 00:25:01,7671900,0.0
2016-07-12 00:30:01,7672200,0.0
2016-07-12 00:35:01,7672500,0.0
2016-07-12 00:40:01,7672800,0.0
2016-07-12 00:45:01,7673100,0.0
2016-07-12 00:50:01,7673400,0.0
2016-07-12 00:55:01,7673700,0.0
2016-07-12 01:00:01,7674000,0.0
2016-07-12 01:05:01,7674300,0.0
2016-07-12 01:10:01,7674600,0.0
2016-07-12 01:15:01,7674900,0.0
2016-07-12 01:20:01,7675200,0.0
2016-07-12 01:25:01,7675500,0.0
2016-07-12 01:30:01,7675800,0.0
2016-07-12 01:35:01,7676100,0.0
2016-07-12 01:40:01,7676400,0.0
2016-07-12 01:45:01,7676700,0.0
2016-07-12 01:50:01,7677000,0.0
2016-07-12 01:55:01,7677300,0.0
2016-07-12 02:00:01,7677600,0.0
2016-07-12 02:05:01,7677900,0.0
2016-07-12 02:10:01,7678200,0.0
2016-07-12 02:15:01,7678500,0.0
2016-07-12 02:20:01,7678800,0.0
2016-07-12 02:25:01,7679100,0.0
2016-07-12 02:30:01,7679400,0.0
2016-07-12 02:35:01,7679700,0.0
2016-07-12 02:40:01,7680000,0.0
2016-07-12 02:45:01,7680300,0.0
2016-07-12 02:50:01,7680600,0.0
2016-07-12 02:55:01,7680900,0.0
2016-07-12 03:00:01,7681200,0.0
2016-07-12 03:05:01,7681500,0.0
2016-07-12 03:10:01,7681800,0.0
2016-07-12 03:15:01,7682100,0.0
2016-07-12 03:20:01,7682400,0.0
2016-07-12 03:25:01,7682700,0.0
2016-07-12 03:30:01,7683000,0.0
2016-07-12 03:35:01,7683300,0.0
2016-07-12 03:40:01,7683600,0.0
2016-07-12 03:45:01,7683900,0.0
2016-07-12 03:50:01,7684200,0.0
2016-07-12 03:55:01,7684500,0.0
2016-07-12 04:00:01,7684800,0.0
2016-07-12 04:05:01,7685100,0.0
2016-07-12 04:10:01,7685400,0.0
2016-07-12 04:15:01,7685700,0.0
2016-07-12 04:20:01,7686000,0.0
2016-07-12 04:25:01,7686300,0.0
2016-07-12 04:30:01,7686600,0.0
2016-07-12 04:35:01,7686900,0.0
2016-07-12 04:40:01,7687200,0.0
2016-07-12 04:45:01,7687500,0.0
2016-07-12 04:50:01,7687800,0.0
2016-07-12 04:55:01,7688100,0.0
2016-07-12 05:00:01,7688400,0.0
2016-07-12 05:05:01,7688700,0.0
2016-07-12 05:10:01,7689000,0.0
2016-07-12 05:15:01,7689300,0.0
2016-07-12 05:20:01,7689600,0.0
2016-07-12 05:25:01,7689900,0.0
2016-07-12 05:30:01,7690200,0.0
2016-07-12 05:35:01,7690500,0.0
2016-07-12 05:40:01,7690800,0.0
2016-07-12 05:45:01,7691100,0.0
2016-07-12 05:50:01,7691400,0.0
2016-07-12 05:55:01,7691700,0.0
2016-07-12 06:00:01,7692000,0.0
2016-07-12 06:05:01,7692300,0.0
2016-07-12 06:10:01,7692600,0.0
2016-07-12 06:15:01,7692900,0.0
2016-07-12 06:20:01,7693200,0.0
2016-07-12 06:25:01,7693500,0.0
2016-07-12 06:30:01,7693800,0.0
2016-07-12 06:35:01,7694100,0.0
2016-07-12 06:40:01,7694400,0.0
2016-07-12 06:45:01,7694700,0.0
2016-07-12 06:50:01,7695000,0.0
2016-07-12 06:55:01,7695300,0.0
2016-07-12 07:00:01,7695600,14.0
2016-07-12 07:05:01,7695900,19.0
2016-07-12 07:10:01,7696200,21.0
2016-07-12 07:15:01,7696500,20.0
2016-07-12 07:20:01,7696800,22.0
2016-07-12 07:25:01,7697100,27.0
2016-07-12 07:30:01,7697400,25.0
2016-07-12 07:35:01,7697700,25.0
2016-07-12 07:40:01,7698000,32.0
2016-07-12 07:45:01,7698300,42.0
2016-07-12 07:50:01,7698600,44.0
2016-07-12 07:55:01,7698900,42.0
2016-07-12 08:00:01,7699200,35.0
2016-07-12 08:05:01,7699500,37.0
2016-07-12 08:10:01,7699800,36.0
2016-07-12 08:15:01,7700100,38.0
2016-07-12 08:20:01,7700400,50.0
2016-07-12 08:25:01,7700700,67.0
2016-07-12 08:30:01,7701000,76.0
2016-07-12 08:35:01,7701300,102.0
2016-07-12 08:40:01,7701600,135.0
2016-07-12 08:45:01,7701900,137.0
2016-07-12 08:50:01,7702200,134.0
2016-07-12 08:55:01,7702500,140.0
2016-07-12 09:00:01,7702800,270.0
2016-07-12 09:05:01,7703100,156.0
2016-07-12 09:10:01,7703400,133.0
2016-07-12 09:15:01,7703700,139.0
2016-07-12 09:20:01,7704000,228.0
2016-07-12 09:25:01,7704300,261.0
2016-07-12 09:30:01,7704600,237.0
2016-07-12 09:35:01,7704900,191.0
2016-07-12 09:40:01,7705200,188.0
2016-07-12 09:45:01,7705500,165.0
2016-07-12 09:50:01,7705800,210.0
2016-07-12 09:55:01,7706100,236.0
2016-07-12 10:00:01,7706400,222.0
2016-07-12 10:05:01,7706700,237.0
2016-07-12 10:10:01,7707000,256.0
2016-07-12 10:15:01,7707300,177.0
2016-07-12 10:20:01,7707600,143.0
2016-07-12 10:25:01,7707900,129.0
2016-07-12 10:30:01,7708200,177.0
2016-07-12 10:35:01,7708500,229.0
2016-07-12 10:40:01,7708800,226.0
2016-07-12 10:45:01,7709100,455.0
2016-07-12 10:50:01,7709400,924.0
2016-07-12 10:55:01,7709700,303.0
2016-07-12 11:00:01,7710000,246.0
2016-07-12 11:05:01,7710300,795.0
2016-07-12 11:10:01,7710600,130.0
2016-07-12 11:15:01,7710900,105.0
2016-07-12 11:20:01,7711200,159.0
2016-07-12 11:25:01,7711500,862.0
2016-07-12 11:30:01,7711800,954.0
2016-07-12 11:35:01,7712100,820.0
2016-07-12 11:40:01,7712400,589.0
2016-07-12 11:45:01,7712700,507.0
2016-07-12 11:50:02,7713000,529.0
2016-07-12 11:55:01,7713300,360.0
2016-07-12 12:00:01,7713600,271.0
2016-07-12 12:05:01,7713900,285.0
2016-07-12 12:10:01,7714200,906.0
2016-07-12 12:15:01,7714500,355.0
2016-07-12 12:20:01,7714800,280.0
2016-07-12 12:25:01,7715100,239.0
2016-07-12 12:30:01,7715400,219.0
2016-07-12 12:35:01,7715700,232.0
2016-07-12 12:40:01,7716000,263.0
2016-07-12 12:45:01,7716300,321.0
2016-07-12 12:50:01,7716600,398.0
2016-07-12 12:55:01,7716900,445.0
2016-07-12 13:00:01,7717200,366.0
2016-07-12 13:05:01,7717500,263.0
2016-07-12 13:10:01,7717800,239.0
2016-07-12 13:15:01,7718100,195.0
2016-07-12 13:20:01,7718400,160.0
2016-07-12 13:25:01,7718700,173.0
2016-07-12 13:30:01,7719000,198.0
2016-07-12 13:35:01,7719300,203.0
2016-07-12 13:40:01,7719600,184.0
2016-07-12 13:45:01,7719900,180.0
2016-07-12 13:50:01,7720200,174.0
2016-07-12 13:55:01,7720500,232.0
2016-07-12 14:00:01,7720800,274.0
2016-07-12 14:05:01,7721100,109.0
2016-07-12 14:10:01,7721400,88.0
2016-07-12 14:15:01,7721700,153.0
2016-07-12 14:20:01,7722000,203.0
2016-07-12 14:25:01,7722300,176.0
2016-07-12 14:30:01,7722600,169.0
2016-07-12 14:35:01,7722900,192.0
2016-07-12 14:40:01,7723200,232.0
2016-07-12 14:45:01,7723500,231.0
2016-07-12 14:50:01,7723800,239.0
2016-07-12 14:55:01,7724100,194.0
2016-07-12 15:00:01,7724400,181.0
2016-07-12 15:05:01,7724700,183.0
2016-07-12 15:10:01,7725000,203.0
2016-07-12 15:15:01,7725300,277.0
2016-07-12 15:20:01,7725600,403.0
2016-07-12 15:25:01,7725900,487.0
2016-07-12 15:30:01,7726200,613.0
2016-07-12 15:35:01,7726500,516.0
2016-07-12 15:40:01,7726800,638.0
2016-07-12 15:45:01,7727100,562.0
2016-07-12 15:50:01,7727400,447.0
2016-07-12 15:55:01,7727700,339.0
2016-07-12 16:00:01,7728000,301.0
2016-07-12 16:05:01,7728300,312.0
2016-07-12 16:10:01,7728600,323.0
2016-07-12 16:15:01,7728900,237.0
2016-07-12 16:20:01,7729200,240.0
2016-07-12 16:25:01,7729500,281.0
2016-07-12 16:30:01,7729800,349.0
2016-07-12 16:35:01,7730100,379.0
2016-07-12 16:40:01,7730400,363.0
2016-07-12 16:45:01,7730700,387.0
2016-07-12 16:50:01,7731000,1094.0
2016-07-12 16:55:01,7731300,889.0
2016-07-12 17:00:01,7731600,1008.0
2016-07-12 17:05:01,7731900,945.0
2016-07-12 17:10:01,7732200,173.0
2016-07-12 17:15:01,7732500,129.0
2016-07-12 17:20:01,7732800,83.0
2016-07-12 17:25:01,7733100,329.0
2016-07-12 17:30:01,7733400,327.0
2016-07-12 17:35:01,7733700,897.0
2016-07-12 17:40:01,7734000,243.0
2016-07-12 17:45:02,7734300,314.0
2016-07-12 17:50:01,7734600,312.0
2016-07-12 17:55:01,7734900,331.0
2016-07-12 18:00:01,7735200,583.0
2016-07-12 18:05:01,7735500,683.0
2016-07-12 18:10:01,7735800,667.0
2016-07-12 18:15:01,7736100,583.0
2016-07-12 18:20:01,7736400,428.0
2016-07-12 18:25:01,7736700,474.0
2016-07-12 18:30:01,7737000,534.0
2016-07-12 18:35:01,7737300,494.0
2016-07-12 18:40:01,7737600,461.0
2016-07-12 18:45:01,7737900,443.0
2016-07-12 18:50:01,7738200,416.0
2016-07-12 18:55:01,7738500,396.0
2016-07-12 19:00:01,7738800,53.0
2016-07-12 19:05:01,7739100,74.0
2016-07-12 19:10:01,7739400,107.0
2016-07-12 19:15:01,7739700,382.0
2016-07-12 19:20:01,7740000,103.0
2016-07-12 19:25:01,7740300,161.0
2016-07-12 19:30:01,7740600,83.0
2016-07-12 19:35:01,7740900,90.0
2016-07-12 19:40:01,7741200,87.0
2016-07-12 19:45:01,7741500,61.0
2016-07-12 19:50:01,7741800,54.0
2016-07-12 19:55:01,7742100,41.0
2016-07-12 20:00:01,7742400,41.0
2016-07-12 20:05:01,7742700,43.0
2016-07-12 20:10:01,7743000,71.0
2016-07-12 20:15:01,7743300,77.0
2016-07-12 20:20:01,7743600,61.0
2016-07-12 20:25:01,7743900,47.0
2016-07-12 20:30:01,7744200,35.0
2016-07-12 20:35:01,7744500,31.0
2016-07-12 20:40:01,7744800,30.0
2016-07-12 20:45:01,7745100,30.0
2016-07-12 20:50:01,7745400,29.0
2016-07-12 20:55:01,7745700,30.0
2016-07-12 21:00:01,7746000,28.0
2016-07-12 21:05:01,7746300,29.0
2016-07-12 21:10:01,7746600,25.0
2016-07-12 21:15:01,7746900,20.0
2016-07-12 21:20:01,7747200,18.0
2016-07-12 21:25:01,7747500,0.0
2016-07-12 21:30:01,7747800,0.0
2016-07-12 21:35:01,7748100,0.0
2016-07-12 21:40:01,7748400,0.0
2016-07-12 21:45:01,7748700,0.0
2016-07-12 21:50:01,7749000,0.0
2016-07-12 21:55:01,7749300,0.0
2016-07-12 22:00:01,7749600,0.0
2016-07-12 22:05:01,7749900,0.0
2016-07-12 22:10:01,7750200,0.0
2016-07-12 22:15:01,7750500,0.0
2016-07-12 22:20:01,7750800,0.0
2016-07-12 22:25:01,7751100,0.0
2016-07-12 22:30:01,7751400,0.0
2016-07-12 22:35:01,7751700,0.0
2016-07-12 22:40:01,7752000,0.0
2016-07-12 22:45:01,7752300,0.0
2016-07-12 22:50:01,7752600,0.0
2016-07-12 22:55:01,7752900,0.0
2016-07-12 23:00:01,7753200,0.0
2016-07-12 23:05:01,7753500,0.0
2016-07-12 23:10:01,7753800,0.0
2016-07-12 23:15:01,7754100,0.0
2016-07-12 23:20:01,7754400,0.0
2016-07-12 23:25:01,7754700,0.0
2016-07-12 23:30:01,7755000,0.0
2016-07-12 23:35:01,7755300,0.0
2016-07-12 23:40:01,7755600,0.0
2016-07-12 23:45:01,7755900,0.0
2016-07-12 23:50:01,7756200,0.0
2016-07-12 23:55:01,7756500,0.0
2016-07-13 00:00:01,7756800,0.0
2016-07-13 00:05:01,7757100,0.0
2016-07-13 00:10:01,7757400,0.0
2016-07-13 00:15:01,7757700,0.0
2016-07-13 00:20:01,7758000,0.0
2016-07-13 00:25:01,7758300,0.0
2016-07-13 00:30:01,7758600,0.0
2016-07-13 00:35:01,7758900,0.0
2016-07-13 00:40:01,7759200,0.0
2016-07-13 00:45:01,7759500,0.0
2016-07-13 00:50:01,7759800,0.0
2016-07-13 00:55:01,7760100,0.0
2016-07-13 01:00:01,7760400,0.0
2016-07-13 01:05:01,7760700,0.0
2016-07-13 01:10:01,7761000,0.0
2016-07-13 01:15:01,7761300,0.0
2016-07-13 01:20:01,7761600,0.0
2016-07-13 01:25:01,7761900,0.0
2016-07-13 01:30:01,7762200,0.0
2016-07-13 01:35:01,7762500,0.0
2016-07-13 01:40:01,7762800,0.0
2016-07-13 01:45:01,7763100,0.0
2016-07-13 01:50:01,7763400,0.0
2016-07-13 01:55:01,7763700,0.0
2016-07-13 02:00:01,7764000,0.0
2016-07-13 02:05:01,7764300,0.0
2016-07-13 02:10:01,7764600,0.0
2016-07-13 02:15:01,7764900,0.0
2016-07-13 02:20:01,7765200,0.0
2016-07-13 02:25:01,7765500,0.0
2016-07-13 02:30:01,7765800,0.0
2016-07-13 02:35:01,7766100,0.0
2016-07-13 02:40:01,7766400,0.0
2016-07-13 02:45:01,7766700,0.0
2016-07-13 02:50:01,7767000,0.0
2016-07-13 02:55:01,7767300,0.0
2016-07-13 03:00:01,7767600,0.0
2016-07-13 03:05:01,7767900,0.0
2016-07-13 03:10:01,7768200,0.0
2016-07-13 03:15:01,7768500,0.0
2016-07-13 03:20:01,7768800,0.0
2016-07-13 03:25:01,7769100,0.0
2016-07-13 03:30:01,7769400,0.0
2016-07-13 03:35:01,7769700,0.0
2016-07-13 03:40:01,7770000,0.0
2016-07-13 03:45:01,7770300,0.0
2016-07-13 03:50:01,7770600,0.0
2016-07-13 03:55:01,7770900,0.0
2016-07-13 04:00:01,7771200,0.0
2016-07-13 04:05:01,7771500,0.0
2016-07-13 04:10:01,7771800,0.0
2016-07-13 04:15:01,7772100,0.0
2016-07-13 04:20:01,7772400,0.0
2016-07-13 04:25:01,7772700,0.0
2016-07-13 04:30:01,7773000,0.0
2016-07-13 04:35:01,7773300,0.0
2016-07-13 04:40:01,7773600,0.0
2016-07-13 04:45:01,7773900,0.0
2016-07-13 04:50:01,7774200,0.0
2016-07-13 04:55:01,7774500,0.0
2016-07-13 05:00:01,7774800,0.0
2016-07-13 05:05:01,7775100,0.0
2016-07-13 05:10:01,7775400,0.0
2016-07-13 05:15:01,7775700,0.0
2016-07-13 05:20:01,7776000,0.0
2016-07-13 05:25:01,7776300,0.0
2016-07-13 05:30:01,7776600,0.0
2016-07-13 05:35:01,7776900,0.0
2016-07-13 05:40:01,7777200,0.0
2016-07-13 05:45:01,7777500,0.0
2016-07-13 05:50:01,7777800,0.0
2016-07-13 05:55:01,7778100,0.0
2016-07-13 06:00:01,7778400,0.0
2016-07-13 06:05:01,7778700,0.0
2016-07-13 06:10:01,7779000,0.0
2016-07-13 06:15:01,7779300,0.0
2016-07-13 06:20:01,7779600,0.0
2016-07-13 06:25:01,7779900,0.0
2016-07-13 06:30:01,7780200,0.0
2016-07-13 06:35:01,7780500,0.0
2016-07-13 06:40:01,7780800,0.0
2016-07-13 06:45:01,7781100,0.0
2016-07-13 06:50:01,7781400,0.0
2016-07-13 06:55:01,7781700,0.0
2016-07-13 07:00:01,7782000,0.0
2016-07-13 07:05:01,7782300,0.0
2016-07-13 07:10:01,7782600,0.0
2016-07-13 07:15:01,7782900,15.0
2016-07-13 07:20:01,7783200,16.0
2016-07-13 07:25:01,7783500,17.0
2016-07-13 07:30:01,7783800,19.0
2016-07-13 07:35:01,7784100,21.0
2016-07-13 07:40:01,7784400,22.0
2016-07-13 07:45:01,7784700,23.0
2016-07-13 07:50:01,7785000,25.0
2016-07-13 07:55:01,7785300,25.0
2016-07-13 08:00:01,7785600,27.0
2016-07-13 08:05:01,7785900,28.0
2016-07-13 08:10:01,7786200,29.0
2016-07-13 08:15:01,7786500,30.0
2016-07-13 08:20:01,7786800,30.0
2016-07-13 08:25:01,7787100,31.0
2016-07-13 08:30:01,7787400,32.0
2016-07-13 08:35:01,7787700,33.0
2016-07-13 08:40:01,7788000,38.0
2016-07-13 08:45:01,7788300,45.0
2016-07-13 08:50:01,7788600,50.0
2016-07-13 08:55:01,7788900,73.0
2016-07-13 09:00:01,7789200,140.0
2016-07-13 09:05:01,7789500,162.0
2016-07-13 09:10:01,7789800,187.0
2016-07-13 09:15:01,7790100,219.0
2016-07-13 09:20:01,7790400,255.0
2016-07-13 09:25:01,7790700,287.0
2016-07-13 09:30:01,7791000,312.0
2016-07-13 09:35:01,7791300,338.0
2016-07-13 09:40:01,7791600,355.0
2016-07-13 09:45:01,7791900,380.0
2016-07-13 09:50:01,7792200,178.0
2016-07-13 09:55:01,7792500,93.0
2016-07-13 10:00:01,7792800,507.0
2016-07-13 10:05:01,7793100,497.0
2016-07-13 10:10:01,7793400,537.0
2016-07-13 10:15:01,7793700,544.0
2016-07-13 10:20:01,7794000,596.0
2016-07-13 10:25:01,7794300,178.0
2016-07-13 10:30:01,7794600,145.0
2016-07-13 10:35:01,7794900,69.0
2016-07-13 10:40:01,7795200,627.0
2016-07-13 10:45:01,7795500,685.0
2016-07-13 10:50:01,7795800,680.0
2016-07-13 10:55:01,7796100,722.0
2016-07-13 11:00:01,7796400,795.0
2016-07-13 11:05:01,7796700,232.0
2016-07-13 11:10:01,7797000,884.0
2016-07-13 11:15:01,7797300,864.0
2016-07-13 11:20:01,7797600,884.0
2016-07-13 11:25:01,7797900,344.0
2016-07-13 11:30:01,7798200,100.0
2016-07-13 11:35:01,7798500,260.0
2016-07-13 11:40:01,7798800,482.0
2016-07-13 11:45:01,7799100,294.0
2016-07-13 11:50:01,7799400,1070.0
2016-07-13 11:55:01,7799700,237.0
2016-07-13 12:00:01,7800000,182.0
2016-07-13 12:05:01,7800300,238.0
2016-07-13 12:10:01,7800600,941.0
2016-07-13 12:15:01,7800900,545.0
2016-07-13 12:20:01,7801200,534.0
2016-07-13 12:25:01,7801500,362.0
2016-07-13 12:30:01,7801800,1239.0
2016-07-13 12:35:01,7802100,402.0
2016-07-13 12:40:01,7802400,574.0
2016-07-13 12:45:01,7802700,789.0
2016-07-13 12:50:01,7803000,847.0
2016-07-13 12:55:01,7803300,1075.0
2016-07-13 13:00:01,7803600,1145.0
2016-07-13 13:05:01,7803900,1143.0
2016-07-13 13:10:01,7804200,1038.0
2016-07-13 13:15:01,7804500,186.0
2016-07-13 13:20:01,7804800,236.0
2016-07-13 13:25:01,7805100,1261.0
2016-07-13 13:30:01,7805400,271.0
2016-07-13 13:35:01,7805700,284.0
2016-07-13 13:40:01,7806000,270.0
2016-07-13 13:45:01,7806300,1202.0
2016-07-13 13:50:01,7806600,1250.0
2016-07-13 13:55:01,7806900,1293.0
2016-07-13 14:00:01,7807200,288.0
2016-07-13 14:05:01,7807500,1380.0
2016-07-13 14:10:01,7807800,505.0
2016-07-13 14:15:01,7808100,1206.0
2016-07-13 14:20:01,7808400,1243.0
2016-07-13 14:25:01,7808700,228.0
2016-07-13 14:30:01,7809000,260.0
2016-07-13 14:35:01,7809300,965.0
2016-07-13 14:40:01,7809600,395.0
2016-07-13 14:45:01,7809900,1199.0
2016-07-13 14:50:01,7810200,1106.0
2016-07-13 14:55:01,7810500,271.0
2016-07-13 15:00:01,7810800,205.0
2016-07-13 15:05:01,7811100,336.0
2016-07-13 15:10:01,7811400,253.0
2016-07-13 15:15:01,7811700,170.0
2016-07-13 15:20:01,7812000,1261.0
2016-07-13 15:25:01,7812300,522.0
2016-07-13 15:30:01,7812600,1198.0
2016-07-13 15:35:01,7812900,175.0
2016-07-13 15:40:01,7813200,200.0
2016-07-13 15:45:01,7813500,221.0
2016-07-13 15:50:01,7813800,184.0
2016-07-13 15:55:01,7814100,452.0
2016-07-13 16:00:01,7814400,224.0
2016-07-13 16:05:01,7814700,1239.0
2016-07-13 16:10:01,7815000,356.0
2016-07-13 16:15:01,7815300,191.0
2016-07-13 16:20:01,7815600,122.0
2016-07-13 16:25:01,7815900,84.0
2016-07-13 16:30:01,7816200,88.0
2016-07-13 16:35:01,7816500,103.0
2016-07-13 16:40:02,7816800,106.0
2016-07-13 16:45:01,7817100,63.0
2016-07-13 16:50:01,7817400,42.0
2016-07-13 16:55:01,7817700,64.0
2016-07-13 17:00:01,7818000,75.0
2016-07-13 17:05:01,7818300,60.0
2016-07-13 17:10:01,7818600,97.0
2016-07-13 17:15:01,7818900,27.0
2016-07-13 17:20:01,7819200,41.0
2016-07-13 17:25:01,7819500,155.0
2016-07-13 17:30:01,7819800,201.0
2016-07-13 17:35:01,7820100,197.0
2016-07-13 17:40:01,7820400,169.0
2016-07-13 17:45:01,7820700,102.0
2016-07-13 17:50:01,7821000,88.0
2016-07-13 17:55:01,7821300,82.0
2016-07-13 18:00:01,7821600,70.0
2016-07-13 18:05:01,7821900,67.0
2016-07-13 18:10:02,7822200,94.0
2016-07-13 18:15:01,7822500,155.0
2016-07-13 18:20:01,7822800,223.0
2016-07-13 18:25:01,7823100,195.0
2016-07-13 18:30:01,7823400,202.0
2016-07-13 18:35:01,7823700,181.0
2016-07-13 18:40:01,7824000,159.0
2016-07-13 18:45:01,7824300,141.0
2016-07-13 18:50:01,7824600,149.0
2016-07-13 18:55:01,7824900,142.0
2016-07-13 19:00:01,7825200,125.0
2016-07-13 19:05:01,7825500,121.0
2016-07-13 19:10:01,7825800,140.0
2016-07-13 19:15:01,7826100,162.0
2016-07-13 19:20:01,7826400,236.0
2016-07-13 19:25:01,7826700,243.0
2016-07-13 19:30:01,7827000,179.0
2016-07-13 19:35:01,7827300,135.0
2016-07-13 19:40:01,7827600,109.0
2016-07-13 19:45:01,7827900,92.0
2016-07-13 19:50:01,7828200,101.0
2016-07-13 19:55:01,7828500,78.0
2016-07-13 20:00:01,7828800,45.0
2016-07-13 20:05:01,7829100,27.0
2016-07-13 20:10:01,7829400,19.0
2016-07-13 20:15:01,7829700,18.0
2016-07-13 20:20:01,7830000,18.0
2016-07-13 20:25:01,7830300,20.0
2016-07-13 20:30:01,7830600,18.0
2016-07-13 20:35:01,7830900,16.0
2016-07-13 20:40:01,7831200,22.0
2016-07-13 20:45:01,7831500,22.0
2016-07-13 20:50:01,7831800,20.0
2016-07-13 20:55:01,7832100,18.0
2016-07-13 21:00:01,7832400,0.0
2016-07-13 21:05:01,7832700,0.0
2016-07-13 21:10:01,7833000,0.0
2016-07-13 21:15:01,7833300,0.0
2016-07-13 21:20:01,7833600,0.0
2016-07-13 21:25:01,7833900,0.0
2016-07-13 21:30:01,7834200,0.0
2016-07-13 21:35:01,7834500,0.0
2016-07-13 21:40:01,7834800,0.0
2016-07-13 21:45:01,7835100,9.0
2016-07-13 21:50:01,7835400,0.0
2016-07-13 21:55:01,7835700,0.0
2016-07-13 22:00:01,7836000,0.0
2016-07-13 22:05:01,7836300,0.0
2016-07-13 22:10:01,7836600,0.0
2016-07-13 22:15:01,7836900,0.0
2016-07-13 22:20:01,7837200,0.0
2016-07-13 22:25:01,7837500,0.0
2016-07-13 22:30:01,7837800,0.0
2016-07-13 22:35:01,7838100,0.0
2016-07-13 22:40:01,7838400,0.0
2016-07-13 22:45:01,7838700,0.0
2016-07-13 22:50:01,7839000,0.0
2016-07-13 22:55:01,7839300,0.0
2016-07-13 23:00:01,7839600,0.0
2016-07-13 23:05:01,7839900,0.0
2016-07-13 23:10:01,7840200,0.0
2016-07-13 23:15:01,7840500,0.0
2016-07-13 23:20:01,7840800,0.0
2016-07-13 23:25:01,7841100,0.0
2016-07-13 23:30:01,7841400,0.0
2016-07-13 23:35:01,7841700,0.0
2016-07-13 23:40:01,7842000,0.0
2016-07-13 23:45:01,7842300,0.0
2016-07-13 23:50:01,7842600,0.0
2016-07-13 23:55:01,7842900,0.0
2016-07-14 00:00:01,7843200,0.0
2016-07-14 00:05:01,7843500,0.0
2016-07-14 00:10:01,7843800,0.0
2016-07-14 00:15:01,7844100,0.0
2016-07-14 00:20:01,7844400,0.0
2016-07-14 00:25:01,7844700,0.0
2016-07-14 00:30:01,7845000,0.0
2016-07-14 00:35:01,7845300,0.0
2016-07-14 00:40:01,7845600,0.0
2016-07-14 00:45:01,7845900,0.0
2016-07-14 00:50:01,7846200,0.0
2016-07-14 00:55:01,7846500,0.0
2016-07-14 01:00:01,7846800,0.0
2016-07-14 01:05:01,7847100,0.0
2016-07-14 01:10:01,7847400,0.0
2016-07-14 01:15:01,7847700,0.0
2016-07-14 01:20:01,7848000,0.0
2016-07-14 01:25:01,7848300,0.0
2016-07-14 01:30:01,7848600,0.0
2016-07-14 01:35:01,7848900,0.0
2016-07-14 01:40:01,7849200,0.0
2016-07-14 01:45:01,7849500,0.0
2016-07-14 01:50:01,7849800,0.0
2016-07-14 01:55:01,7850100,0.0
2016-07-14 02:00:01,7850400,0.0
2016-07-14 02:05:01,7850700,0.0
2016-07-14 02:10:01,7851000,0.0
2016-07-14 02:15:01,7851300,0.0
2016-07-14 02:20:01,7851600,0.0
2016-07-14 02:25:01,7851900,0.0
2016-07-14 02:30:01,7852200,0.0
2016-07-14 02:35:01,7852500,0.0
2016-07-14 02:40:01,7852800,0.0
2016-07-14 02:45:01,7853100,0.0
2016-07-14 02:50:01,7853400,0.0
2016-07-14 02:55:01,7853700,0.0
2016-07-14 03:00:01,7854000,0.0
2016-07-14 03:05:01,7854300,0.0
2016-07-14 03:10:01,7854600,0.0
2016-07-14 03:15:01,7854900,0.0
2016-07-14 03:20:01,7855200,0.0
2016-07-14 03:25:01,7855500,0.0
2016-07-14 03:30:01,7855800,0.0
2016-07-14 03:35:01,7856100,0.0
2016-07-14 03:40:01,7856400,0.0
2016-07-14 03:45:01,7856700,0.0
2016-07-14 03:50:01,7857000,0.0
2016-07-14 03:55:01,7857300,0.0
2016-07-14 04:00:01,7857600,0.0
2016-07-14 04:05:01,7857900,0.0
2016-07-14 04:10:01,7858200,0.0
2016-07-14 04:15:01,7858500,0.0
2016-07-14 04:20:01,7858800,0.0
2016-07-14 04:25:01,7859100,0.0
2016-07-14 04:30:01,7859400,0.0
2016-07-14 04:35:01,7859700,0.0
2016-07-14 04:40:01,7860000,0.0
2016-07-14 04:45:01,7860300,0.0
2016-07-14 04:50:01,7860600,0.0
