timestamp,interval_in_seconds,solar_irradiance_in_W_m2
2016-06-14 00:00:01,5443500,0.0
2016-06-14 00:05:01,5443800,0.0
2016-06-14 00:10:01,5444100,0.0
2016-06-14 00:15:01,5444400,0.0
2016-06-14 00:20:01,5444700,0.0
2016-06-14 00:25:01,5445000,0.0
2016-06-14 00:30:01,5445300,0.0
2016-06-14 00:35:01,5445600,0.0
2016-06-14 00:40:01,5445900,0.0
2016-06-14 00:45:01,5446200,0.0
2016-06-14 00:50:01,5446500,0.0
2016-06-14 00:55:01,5446800,0.0
2016-06-14 01:00:01,5447100,0.0
2016-06-14 01:05:01,5447400,0.0
2016-06-14 01:10:01,5447700,0.0
2016-06-14 01:15:01,5448000,0.0
2016-06-14 01:20:01,5448300,0.0
2016-06-14 01:25:01,5448600,0.0
2016-06-14 01:30:01,5448900,0.0
2016-06-14 01:35:01,5449200,0.0
2016-06-14 01:40:01,5449500,0.0
2016-06-14 01:45:01,5449800,0.0
2016-06-14 01:50:01,5450100,0.0
2016-06-14 01:55:01,5450400,0.0
2016-06-14 02:00:01,5450700,0.0
2016-06-14 02:05:01,5451000,0.0
2016-06-14 02:10:01,5451300,0.0
2016-06-14 02:15:01,5451600,0.0
2016-06-14 02:20:01,5451900,0.0
2016-06-14 02:25:01,5452200,0.0
2016-06-14 02:30:01,5452500,0.0
2016-06-14 02:35:01,5452800,0.0
2016-06-14 02:40:01,5453100,0.0
2016-06-14 02:45:01,5453400,0.0
2016-06-14 02:50:01,5453700,0.0
2016-06-14 02:55:01,5454000,0.0
2016-06-14 03:00:01,5454300,0.0
2016-06-14 03:05:01,5454600,0.0
2016-06-14 03:10:01,5454900,0.0
2016-06-14 03:15:01,5455200,0.0
2016-06-14 03:20:01,5455500,0.0
2016-06-14 03:25:01,5455800,0.0
2016-06-14 03:30:01,5456100,0.0
2016-06-14 03:35:01,5456400,0.0
2016-06-14 03:40:01,5456700,0.0
2016-06-14 03:45:01,5457000,0.0
2016-06-14 03:50:01,5457300,0.0
2016-06-14 03:55:01,5457600,0.0
2016-06-14 04:00:01,5457900,0.0
2016-06-14 04:05:01,5458200,0.0
2016-06-14 04:10:01,5458500,0.0
2016-06-14 04:15:01,5458800,0.0
2016-06-14 04:20:01,5459100,0.0
2016-06-14 04:25:01,5459400,0.0
2016-06-14 04:30:01,5459700,0.0
2016-06-14 04:35:01,5460000,0.0
2016-06-14 04:40:01,5460300,0.0
2016-06-14 04:45:01,5460600,0.0
2016-06-14 04:50:01,5460900,0.0
2016-06-14 04:55:01,5461200,0.0
2016-06-14 05:00:01,5461500,0.0
2016-06-14 05:05:01,5461800,0.0
2016-06-14 05:10:01,5462100,0.0
2016-06-14 05:15:01,5462400,0.0
2016-06-14 05:20:01,5462700,0.0
2016-06-14 05:25:01,5463000,0.0
2016-06-14 05:30:01,5463300,0.0
2016-06-14 05:35:01,5463600,0.0
2016-06-14 05:40:01,5463900,0.0
2016-06-14 05:45:01,5464200,0.0
2016-06-14 05:50:01,5464500,0.0
2016-06-14 05:55:01,5464800,0.0
2016-06-14 06:00:01,5465100,0.0
2016-06-14 06:05:01,5465400,0.0
2016-06-14 06:10:01,5465700,0.0
2016-06-14 06:15:01,5466000,0.0
2016-06-14 06:20:01,5466300,0.0
2016-06-14 06:25:01,5466600,0.0
2016-06-14 06:30:01,5466900,0.0
2016-06-14 06:35:01,5467200,0.0
2016-06-14 06:40:01,5467500,0.0
2016-06-14 06:45:01,5467800,0.0
2016-06-14 06:50:01,5468100,17.0
2016-06-14 06:55:01,5468400,15.0
2016-06-14 07:00:01,5468700,19.0
2016-06-14 07:05:01,5469000,19.0
2016-06-14 07:10:01,5469300,31.0
2016-06-14 07:15:01,5469600,40.0
2016-06-14 07:20:01,5469900,52.0
2016-06-14 07:25:01,5470200,40.0
2016-06-14 07:30:01,5470500,48.0
2016-06-14 07:35:01,5470800,68.0
2016-06-14 07:40:01,5471100,94.0
2016-06-14 07:45:01,5471400,74.0
2016-06-14 07:50:01,5471700,42.0
2016-06-14 07:55:01,5472000,52.0
2016-06-14 08:00:01,5472300,87.0
2016-06-14 08:05:01,5472600,106.0
2016-06-14 08:10:01,5472900,98.0
2016-06-14 08:15:01,5473200,77.0
2016-06-14 08:20:01,5473500,34.0
2016-06-14 08:25:01,5473800,51.0
2016-06-14 08:30:01,5474100,166.0
2016-06-14 08:35:01,5474400,186.0
2016-06-14 08:40:01,5474700,158.0
2016-06-14 08:45:01,5475000,120.0
2016-06-14 08:50:01,5475300,176.0
2016-06-14 08:55:01,5475600,236.0
2016-06-14 09:00:01,5475900,140.0
2016-06-14 09:05:01,5476200,47.0
2016-06-14 09:10:01,5476500,51.0
2016-06-14 09:15:01,5476800,34.0
2016-06-14 09:20:01,5477100,67.0
2016-06-14 09:25:01,5477400,141.0
2016-06-14 09:30:01,5477700,190.0
2016-06-14 09:35:01,5478000,427.0
2016-06-14 09:40:01,5478300,209.0
2016-06-14 09:45:01,5478600,202.0
2016-06-14 09:50:01,5478900,190.0
2016-06-14 09:55:01,5479200,154.0
2016-06-14 10:00:01,5479500,630.0
2016-06-14 10:05:01,5479800,640.0
2016-06-14 10:10:01,5480100,355.0
2016-06-14 10:15:01,5480400,298.0
2016-06-14 10:20:01,5480700,221.0
2016-06-14 10:25:01,5481000,109.0
2016-06-14 10:30:01,5481300,188.0
2016-06-14 10:35:01,5481600,206.0
2016-06-14 10:40:01,5481900,178.0
2016-06-14 10:45:01,5482200,253.0
2016-06-14 10:50:01,5482500,257.0
2016-06-14 10:55:01,5482800,234.0
2016-06-14 11:00:01,5483100,223.0
2016-06-14 11:05:01,5483400,237.0
2016-06-14 11:10:01,5483700,268.0
2016-06-14 11:15:01,5484000,320.0
2016-06-14 11:20:01,5484300,270.0
2016-06-14 11:25:01,5484600,382.0
2016-06-14 11:30:01,5484900,219.0
2016-06-14 11:35:01,5485200,169.0
2016-06-14 11:40:01,5485500,309.0
2016-06-14 11:45:01,5485800,329.0
2016-06-14 11:50:01,5486100,232.0
2016-06-14 11:55:01,5486400,108.0
2016-06-14 12:00:01,5486700,454.0
2016-06-14 12:05:01,5487000,622.0
2016-06-14 12:10:01,5487300,1072.0
2016-06-14 12:15:01,5487600,817.0
2016-06-14 12:20:01,5487900,572.0
2016-06-14 12:25:01,5488200,795.0
2016-06-14 12:30:01,5488500,329.0
2016-06-14 12:35:01,5488800,169.0
2016-06-14 12:40:01,5489100,186.0
2016-06-14 12:45:01,5489400,147.0
2016-06-14 12:50:01,5489700,1000.0
2016-06-14 12:55:01,5490000,429.0
2016-06-14 13:00:01,5490300,240.0
2016-06-14 13:05:01,5490600,576.0
2016-06-14 13:10:01,5490900,1219.0
2016-06-14 13:15:01,5491200,816.0
2016-06-14 13:20:01,5491500,459.0
2016-06-14 13:25:01,5491800,1246.0
2016-06-14 13:30:01,5492100,1077.0
2016-06-14 13:35:01,5492400,342.0
2016-06-14 13:40:01,5492700,371.0
2016-06-14 13:45:01,5493000,318.0
2016-06-14 13:50:01,5493300,614.0
2016-06-14 13:55:01,5493600,635.0
2016-06-14 14:00:01,5493900,269.0
2016-06-14 14:05:01,5494200,621.0
2016-06-14 14:10:01,5494500,1129.0
2016-06-14 14:15:01,5494800,824.0
2016-06-14 14:20:01,5495100,492.0
2016-06-14 14:25:01,5495400,343.0
2016-06-14 14:30:01,5495700,394.0
2016-06-14 14:35:01,5496000,692.0
2016-06-14 14:40:01,5496300,291.0
2016-06-14 14:45:01,5496600,212.0
2016-06-14 14:50:01,5496900,173.0
2016-06-14 14:55:01,5497200,203.0
2016-06-14 15:00:01,5497500,178.0
2016-06-14 15:05:01,5497800,211.0
2016-06-14 15:10:01,5498100,167.0
2016-06-14 15:15:01,5498400,278.0
2016-06-14 15:20:01,5498700,867.0
2016-06-14 15:25:01,5499000,302.0
2016-06-14 15:30:01,5499300,640.0
2016-06-14 15:35:01,5499600,620.0
2016-06-14 15:40:01,5499900,1151.0
2016-06-14 15:45:01,5500200,822.0
2016-06-14 15:50:01,5500500,376.0
2016-06-14 15:55:01,5500800,388.0
2016-06-14 16:00:01,5501100,358.0
2016-06-14 16:05:01,5501400,1086.0
2016-06-14 16:10:01,5501700,840.0
2016-06-14 16:15:01,5502000,359.0
2016-06-14 16:20:01,5502300,107.0
2016-06-14 16:25:01,5502600,234.0
2016-06-14 16:30:01,5502900,547.0
2016-06-14 16:35:01,5503200,545.0
2016-06-14 16:40:01,5503500,772.0
2016-06-14 16:45:01,5503800,422.0
2016-06-14 16:50:01,5504100,253.0
2016-06-14 16:55:01,5504400,866.0
2016-06-14 17:00:01,5504700,551.0
2016-06-14 17:05:01,5505000,651.0
2016-06-14 17:10:01,5505300,269.0
2016-06-14 17:15:01,5505600,298.0
2016-06-14 17:20:01,5505900,181.0
2016-06-14 17:25:01,5506200,280.0
2016-06-14 17:30:01,5506500,150.0
2016-06-14 17:35:01,5506800,639.0
2016-06-14 17:40:01,5507100,860.0
2016-06-14 17:45:01,5507400,223.0
2016-06-14 17:50:01,5507700,244.0
2016-06-14 17:55:01,5508000,648.0
2016-06-14 18:00:01,5508300,683.0
2016-06-14 18:05:01,5508600,647.0
2016-06-14 18:10:01,5508900,647.0
2016-06-14 18:15:01,5509200,685.0
2016-06-14 18:20:01,5509500,153.0
2016-06-14 18:25:01,5509800,235.0
2016-06-14 18:30:01,5510100,151.0
2016-06-14 18:35:01,5510400,165.0
2016-06-14 18:40:01,5510700,117.0
2016-06-14 18:45:01,5511000,183.0
2016-06-14 18:50:01,5511300,210.0
2016-06-14 18:55:01,5511600,158.0
2016-06-14 19:00:01,5511900,124.0
2016-06-14 19:05:01,5512200,438.0
2016-06-14 19:10:01,5512500,330.0
2016-06-14 19:15:01,5512800,241.0
2016-06-14 19:20:01,5513100,181.0
2016-06-14 19:25:01,5513400,145.0
2016-06-14 19:30:01,5513700,162.0
2016-06-14 19:35:01,5514000,124.0
2016-06-14 19:40:01,5514300,84.0
2016-06-14 19:45:01,5514600,63.0
2016-06-14 19:50:01,5514900,48.0
2016-06-14 19:55:01,5515200,39.0
2016-06-14 20:00:01,5515500,64.0
2016-06-14 20:05:01,5515800,41.0
2016-06-14 20:10:01,5516100,72.0
2016-06-14 20:15:01,5516400,104.0
2016-06-14 20:20:01,5516700,131.0
2016-06-14 20:25:01,5517000,117.0
2016-06-14 20:30:01,5517300,77.0
2016-06-14 20:35:01,5517600,59.0
2016-06-14 20:40:01,5517900,35.0
2016-06-14 20:45:01,5518200,47.0
2016-06-14 20:50:01,5518500,68.0
2016-06-14 20:55:01,5518800,43.0
2016-06-14 21:00:01,5519100,0.0
2016-06-14 21:05:01,5519400,0.0
2016-06-14 21:10:01,5519700,0.0
2016-06-14 21:15:01,5520000,0.0
2016-06-14 21:20:01,5520300,0.0
2016-06-14 21:25:01,5520600,0.0
2016-06-14 21:30:01,5520900,0.0
2016-06-14 21:35:01,5521200,0.0
2016-06-14 21:40:01,5521500,0.0
2016-06-14 21:45:01,5521800,0.0
2016-06-14 21:50:01,5522100,0.0
2016-06-14 21:55:01,5522400,0.0
2016-06-14 22:00:01,5522700,0.0
2016-06-14 22:05:01,5523000,0.0
2016-06-14 22:10:01,5523300,0.0
2016-06-14 22:15:01,5523600,0.0
2016-06-14 22:20:01,5523900,0.0
2016-06-14 22:25:01,5524200,0.0
2016-06-14 22:30:01,5524500,0.0
2016-06-14 22:35:01,5524800,0.0
2016-06-14 22:40:01,5525100,0.0
2016-06-14 22:45:01,5525400,0.0
2016-06-14 22:50:01,5525700,0.0
2016-06-14 22:55:01,5526000,0.0
2016-06-14 23:00:01,5526300,0.0
2016-06-14 23:05:01,5526600,0.0
2016-06-14 23:10:01,5526900,0.0
2016-06-14 23:15:01,5527200,0.0
2016-06-14 23:20:01,5527500,0.0
2016-06-14 23:25:01,5527800,0.0
2016-06-14 23:30:01,5528100,0.0
2016-06-14 23:35:01,5528400,0.0
2016-06-14 23:40:01,5528700,0.0
2016-06-14 23:45:01,5529000,0.0
2016-06-14 23:50:01,5529300,0.0
2016-06-14 23:55:01,5529600,0.0
2016-06-15 00:00:01,5529900,0.0
2016-06-15 00:05:01,5530200,0.0
2016-06-15 00:10:01,5530500,0.0
2016-06-15 00:15:01,5530800,0.0
2016-06-15 00:20:01,5531100,0.0
2016-06-15 00:25:01,5531400,0.0
2016-06-15 00:30:01,5531700,0.0
2016-06-15 00:35:01,5532000,0.0
2016-06-15 00:40:01,5532300,0.0
2016-06-15 00:45:01,5532600,0.0
2016-06-15 00:50:01,5532900,0.0
2016-06-15 00:55:01,5533200,0.0
2016-06-15 01:00:01,5533500,0.0
2016-06-15 01:05:01,5533800,0.0
2016-06-15 01:10:01,5534100,0.0
2016-06-15 01:15:01,5534400,0.0
2016-06-15 01:20:01,5534700,0.0
2016-06-15 01:25:01,5535000,0.0
2016-06-15 01:30:01,5535300,0.0
2016-06-15 01:35:01,5535600,0.0
2016-06-15 01:40:01,5535900,0.0
2016-06-15 01:45:01,5536200,0.0
2016-06-15 01:50:01,5536500,0.0
2016-06-15 01:55:01,5536800,0.0
2016-06-15 02:00:01,5537100,0.0
2016-06-15 02:05:01,5537400,0.0
2016-06-15 02:10:01,5537700,0.0
2016-06-15 02:15:01,5538000,0.0
2016-06-15 02:20:01,5538300,0.0
2016-06-15 02:25:01,5538600,0.0
2016-06-15 02:30:01,5538900,0.0
2016-06-15 02:35:01,5539200,0.0
2016-06-15 02:40:01,5539500,0.0
2016-06-15 02:45:01,5539800,0.0
2016-06-15 02:50:01,5540100,0.0
2016-06-15 02:55:01,5540400,0.0
2016-06-15 03:00:01,5540700,0.0
2016-06-15 03:05:01,5541000,0.0
2016-06-15 03:10:01,5541300,0.0
2016-06-15 03:15:01,5541600,0.0
2016-06-15 03:20:01,5541900,0.0
2016-06-15 03:25:01,5542200,0.0
2016-06-15 03:30:01,5542500,0.0
2016-06-15 03:35:01,5542800,0.0
2016-06-15 03:40:01,5543100,0.0
2016-06-15 03:45:01,5543400,0.0
2016-06-15 03:50:01,5543700,0.0
2016-06-15 03:55:01,5544000,0.0
2016-06-15 04:00:01,5544300,0.0
2016-06-15 04:05:01,5544600,0.0
2016-06-15 04:10:01,5544900,0.0
2016-06-15 04:15:01,5545200,0.0
2016-06-15 04:20:01,5545500,0.0
2016-06-15 04:25:01,5545800,0.0
2016-06-15 04:30:01,5546100,0.0
2016-06-15 04:35:01,5546400,0.0
2016-06-15 04:40:01,5546700,0.0
2016-06-15 04:45:01,5547000,0.0
2016-06-15 04:50:01,5547300,0.0
2016-06-15 04:55:01,5547600,0.0
2016-06-15 05:00:01,5547900,0.0
2016-06-15 05:05:01,5548200,0.0
2016-06-15 05:10:01,5548500,0.0
2016-06-15 05:15:01,5548800,0.0
2016-06-15 05:20:01,5549100,0.0
2016-06-15 05:25:01,5549400,0.0
2016-06-15 05:30:01,5549700,0.0
2016-06-15 05:35:01,5550000,0.0
2016-06-15 05:40:01,5550300,0.0
2016-06-15 05:45:01,5550600,0.0
2016-06-15 05:50:01,5550900,0.0
2016-06-15 05:55:01,5551200,0.0
2016-06-15 06:00:01,5551500,0.0
2016-06-15 06:05:01,5551800,0.0
2016-06-15 06:10:01,5552100,0.0
2016-06-15 06:15:01,5552400,0.0
2016-06-15 06:20:01,5552700,0.0
2016-06-15 06:25:01,5553000,0.0
2016-06-15 06:30:01,5553300,0.0
2016-06-15 06:35:01,5553600,0.0
2016-06-15 06:40:01,5553900,0.0
2016-06-15 06:45:01,5554200,0.0
2016-06-15 06:50:01,5554500,0.0
2016-06-15 06:55:01,5554800,0.0
2016-06-15 07:00:01,5555100,14.0
2016-06-15 07:05:01,5555400,16.0
2016-06-15 07:10:01,5555700,18.0
2016-06-15 07:15:01,5556000,19.0
2016-06-15 07:20:01,5556300,21.0
2016-06-15 07:25:01,5556600,23.0
2016-06-15 07:30:01,5556900,24.0
2016-06-15 07:35:01,5557200,25.0
2016-06-15 07:40:01,5557500,26.0
2016-06-15 07:45:01,5557800,27.0
2016-06-15 07:50:01,5558100,29.0
2016-06-15 07:55:01,5558400,30.0
2016-06-15 08:00:01,5558700,31.0
2016-06-15 08:05:01,5559000,34.0
2016-06-15 08:10:01,5559300,35.0
2016-06-15 08:15:01,5559600,40.0
2016-06-15 08:20:01,5559900,39.0
2016-06-15 08:25:01,5560200,41.0
2016-06-15 08:30:01,5560500,46.0
2016-06-15 08:35:01,5560800,63.0
2016-06-15 08:40:01,5561100,50.0
2016-06-15 08:45:01,5561400,56.0
2016-06-15 08:50:01,5561700,70.0
2016-06-15 08:55:01,5562000,120.0
2016-06-15 09:00:01,5562300,177.0
2016-06-15 09:05:01,5562600,208.0
2016-06-15 09:10:01,5562900,255.0
2016-06-15 09:15:01,5563200,308.0
2016-06-15 09:20:01,5563500,303.0
2016-06-15 09:25:01,5563800,404.0
2016-06-15 09:30:01,5564100,215.0
2016-06-15 09:35:01,5564400,223.0
2016-06-15 09:40:01,5564700,179.0
2016-06-15 09:45:01,5565000,196.0
2016-06-15 09:50:01,5565300,289.0
2016-06-15 09:55:01,5565600,334.0
2016-06-15 10:00:01,5565900,227.0
2016-06-15 10:05:01,5566200,236.0
2016-06-15 10:10:01,5566500,402.0
2016-06-15 10:15:01,5566800,721.0
2016-06-15 10:20:01,5567100,263.0
2016-06-15 10:25:01,5567400,353.0
2016-06-15 10:30:01,5567700,266.0
2016-06-15 10:35:01,5568000,332.0
2016-06-15 10:40:01,5568300,274.0
2016-06-15 10:45:01,5568600,241.0
2016-06-15 10:50:01,5568900,215.0
2016-06-15 10:55:01,5569200,237.0
2016-06-15 11:00:01,5569500,162.0
2016-06-15 11:05:01,5569800,113.0
2016-06-15 11:10:01,5570100,235.0
2016-06-15 11:15:01,5570400,733.0
2016-06-15 11:20:01,5570700,166.0
2016-06-15 11:25:01,5571000,80.0
2016-06-15 11:30:01,5571300,98.0
2016-06-15 11:35:01,5571600,254.0
2016-06-15 11:40:01,5571900,694.0
2016-06-15 11:45:01,5572200,947.0
2016-06-15 11:50:01,5572500,1046.0
2016-06-15 11:55:01,5572800,1035.0
2016-06-15 12:00:01,5573100,662.0
2016-06-15 12:05:01,5573400,536.0
2016-06-15 12:10:01,5573700,226.0
2016-06-15 12:15:01,5574000,185.0
2016-06-15 12:20:01,5574300,196.0
2016-06-15 12:25:01,5574600,255.0
2016-06-15 12:30:01,5574900,403.0
2016-06-15 12:35:01,5575200,707.0
2016-06-15 12:40:01,5575500,842.0
2016-06-15 12:45:01,5575800,225.0
2016-06-15 12:50:01,5576100,91.0
2016-06-15 12:55:01,5576400,243.0
2016-06-15 13:00:01,5576700,179.0
2016-06-15 13:05:01,5577000,108.0
2016-06-15 13:10:01,5577300,182.0
2016-06-15 13:15:01,5577600,271.0
2016-06-15 13:20:01,5577900,1226.0
2016-06-15 13:25:01,5578200,1281.0
2016-06-15 13:30:01,5578500,1234.0
2016-06-15 13:35:01,5578800,1192.0
2016-06-15 13:40:01,5579100,524.0
2016-06-15 13:45:01,5579400,189.0
2016-06-15 13:50:01,5579700,908.0
2016-06-15 13:55:01,5580000,541.0
2016-06-15 14:00:01,5580300,551.0
2016-06-15 14:05:01,5580600,1303.0
2016-06-15 14:10:01,5580900,1283.0
2016-06-15 14:15:01,5581200,337.0
2016-06-15 14:20:01,5581500,361.0
2016-06-15 14:25:01,5581800,456.0
2016-06-15 14:30:01,5582100,814.0
2016-06-15 14:35:01,5582400,1238.0
2016-06-15 14:40:01,5582700,540.0
2016-06-15 14:45:01,5583000,186.0
2016-06-15 14:50:01,5583300,198.0
2016-06-15 14:55:01,5583600,129.0
2016-06-15 15:00:01,5583900,96.0
2016-06-15 15:05:01,5584200,117.0
2016-06-15 15:10:01,5584500,103.0
2016-06-15 15:15:01,5584800,195.0
2016-06-15 15:20:01,5585100,297.0
2016-06-15 15:25:02,5585400,283.0
2016-06-15 15:30:01,5585700,227.0
2016-06-15 15:35:01,5586000,171.0
2016-06-15 15:40:01,5586300,181.0
2016-06-15 15:45:01,5586600,313.0
2016-06-15 15:50:01,5586900,569.0
2016-06-15 15:55:01,5587200,257.0
2016-06-15 16:00:01,5587500,111.0
2016-06-15 16:05:01,5587800,174.0
2016-06-15 16:10:01,5588100,1161.0
2016-06-15 16:15:01,5588400,317.0
2016-06-15 16:20:01,5588700,283.0
2016-06-15 16:25:01,5589000,329.0
2016-06-15 16:30:01,5589300,273.0
2016-06-15 16:35:01,5589600,381.0
2016-06-15 16:40:01,5589900,1210.0
2016-06-15 16:45:01,5590200,1027.0
2016-06-15 16:50:01,5590500,580.0
2016-06-15 16:55:01,5590800,331.0
2016-06-15 17:00:01,5591100,390.0
2016-06-15 17:05:01,5591400,236.0
2016-06-15 17:10:01,5591700,242.0
2016-06-15 17:15:01,5592000,513.0
2016-06-15 17:20:01,5592300,555.0
2016-06-15 17:25:01,5592600,225.0
2016-06-15 17:30:01,5592900,138.0
2016-06-15 17:35:01,5593200,85.0
2016-06-15 17:40:01,5593500,82.0
2016-06-15 17:45:01,5593800,56.0
2016-06-15 17:50:01,5594100,49.0
2016-06-15 17:55:01,5594400,40.0
2016-06-15 18:00:01,5594700,18.0
2016-06-15 18:05:01,5595000,39.0
2016-06-15 18:10:01,5595300,33.0
2016-06-15 18:15:01,5595600,37.0
2016-06-15 18:20:01,5595900,63.0
2016-06-15 18:25:01,5596200,50.0
2016-06-15 18:30:02,5596500,57.0
2016-06-15 18:35:01,5596800,56.0
2016-06-15 18:40:01,5597100,65.0
2016-06-15 18:45:01,5597400,65.0
2016-06-15 18:50:01,5597700,72.0
2016-06-15 18:55:01,5598000,120.0
2016-06-15 19:00:01,5598300,73.0
2016-06-15 19:05:01,5598600,70.0
2016-06-15 19:10:01,5598900,62.0
2016-06-15 19:15:01,5599200,67.0
2016-06-15 19:20:01,5599500,74.0
2016-06-15 19:25:01,5599800,90.0
2016-06-15 19:30:01,5600100,140.0
2016-06-15 19:35:01,5600400,192.0
2016-06-15 19:40:01,5600700,195.0
2016-06-15 19:45:01,5601000,183.0
2016-06-15 19:50:01,5601300,168.0
2016-06-15 19:55:01,5601600,151.0
2016-06-15 20:00:01,5601900,137.0
2016-06-15 20:05:01,5602200,122.0
2016-06-15 20:10:01,5602500,105.0
2016-06-15 20:15:01,5602800,71.0
2016-06-15 20:20:01,5603100,53.0
2016-06-15 20:25:01,5603400,46.0
2016-06-15 20:30:01,5603700,46.0
2016-06-15 20:35:01,5604000,54.0
2016-06-15 20:40:01,5604300,61.0
2016-06-15 20:45:01,5604600,60.0
2016-06-15 20:50:01,5604900,67.0
2016-06-15 20:55:01,5605200,87.0
2016-06-15 21:00:01,5605500,104.0
2016-06-15 21:05:01,5605800,117.0
2016-06-15 21:10:01,5606100,97.0
2016-06-15 21:15:01,5606400,67.0
2016-06-15 21:20:01,5606700,40.0
2016-06-15 21:25:01,5607000,52.0
2016-06-15 21:30:01,5607300,68.0
2016-06-15 21:35:01,5607600,64.0
2016-06-15 21:40:01,5607900,50.0
2016-06-15 21:45:01,5608200,40.0
2016-06-15 21:50:01,5608500,21.0
2016-06-15 21:55:01,5608800,9.0
2016-06-15 22:00:01,5609100,0.0
2016-06-15 22:05:01,5609400,0.0
2016-06-15 22:10:01,5609700,0.0
2016-06-15 22:15:01,5610000,0.0
2016-06-15 22:20:01,5610300,0.0
2016-06-15 22:25:01,5610600,0.0
2016-06-15 22:30:01,5610900,0.0
2016-06-15 22:35:01,5611200,0.0
2016-06-15 22:40:01,5611500,0.0
2016-06-15 22:45:01,5611800,0.0
2016-06-15 22:50:01,5612100,0.0
2016-06-15 22:55:01,5612400,0.0
2016-06-15 23:00:01,5612700,0.0
2016-06-15 23:05:01,5613000,0.0
2016-06-15 23:10:01,5613300,0.0
2016-06-15 23:15:01,5613600,0.0
2016-06-15 23:20:01,5613900,0.0
2016-06-15 23:25:01,5614200,0.0
2016-06-15 23:30:01,5614500,0.0
2016-06-15 23:35:01,5614800,0.0
2016-06-15 23:40:01,5615100,0.0
2016-06-15 23:45:01,5615400,0.0
2016-06-15 23:50:01,5615700,0.0
2016-06-15 23:55:01,5616000,0.0
2016-06-16 00:00:01,5616300,0.0
2016-06-16 00:05:01,5616600,0.0
2016-06-16 00:10:01,5616900,0.0
2016-06-16 00:15:01,5617200,0.0
2016-06-16 00:20:01,5617500,0.0
2016-06-16 00:25:01,5617800,0.0
2016-06-16 00:30:01,5618100,0.0
2016-06-16 00:35:01,5618400,0.0
2016-06-16 00:40:01,5618700,0.0
2016-06-16 00:45:01,5619000,0.0
2016-06-16 00:50:01,5619300,0.0
2016-06-16 00:55:01,5619600,0.0
2016-06-16 01:00:01,5619900,0.0
2016-06-16 01:05:01,5620200,0.0
2016-06-16 01:10:01,5620500,0.0
2016-06-16 01:15:01,5620800,0.0
2016-06-16 01:20:01,5621100,0.0
2016-06-16 01:25:01,5621400,0.0
2016-06-16 01:30:01,5621700,0.0
2016-06-16 01:35:01,5622000,0.0
2016-06-16 01:40:01,5622300,0.0
2016-06-16 01:45:01,5622600,0.0
2016-06-16 01:50:01,5622900,0.0
2016-06-16 01:55:01,5623200,0.0
2016-06-16 02:00:01,5623500,0.0
2016-06-16 02:05:01,5623800,0.0
2016-06-16 02:10:01,5624100,0.0
2016-06-16 02:15:01,5624400,0.0
2016-06-16 02:20:01,5624700,0.0
2016-06-16 02:25:01,5625000,0.0
2016-06-16 02:30:01,5625300,0.0
2016-06-16 02:35:01,5625600,0.0
2016-06-16 02:40:01,5625900,0.0
2016-06-16 02:45:01,5626200,0.0
2016-06-16 02:50:01,5626500,0.0
2016-06-16 02:55:01,5626800,0.0
2016-06-16 03:00:01,5627100,0.0
2016-06-16 03:05:01,5627400,0.0
2016-06-16 03:10:01,5627700,0.0
2016-06-16 03:15:01,5628000,0.0
2016-06-16 03:20:01,5628300,0.0
2016-06-16 03:25:01,5628600,0.0
2016-06-16 03:30:01,5628900,0.0
2016-06-16 03:35:01,5629200,0.0
2016-06-16 03:40:01,5629500,0.0
2016-06-16 03:45:01,5629800,0.0
2016-06-16 03:50:01,5630100,0.0
2016-06-16 03:55:01,5630400,0.0
2016-06-16 04:00:01,5630700,0.0
2016-06-16 04:05:01,5631000,0.0
2016-06-16 04:10:01,5631300,0.0
2016-06-16 04:15:01,5631600,0.0
2016-06-16 04:20:01,5631900,0.0
2016-06-16 04:25:01,5632200,0.0
2016-06-16 04:30:01,5632500,0.0
2016-06-16 04:35:01,5632800,0.0
2016-06-16 04:40:01,5633100,0.0
2016-06-16 04:45:01,5633400,0.0
2016-06-16 04:50:01,5633700,0.0
2016-06-16 04:55:01,5634000,0.0
2016-06-16 05:00:01,5634300,0.0
2016-06-16 05:05:01,5634600,0.0
2016-06-16 05:10:01,5634900,0.0
2016-06-16 05:15:01,5635200,0.0
2016-06-16 05:20:01,5635500,0.0
2016-06-16 05:25:01,5635800,0.0
2016-06-16 05:30:01,5636100,0.0
2016-06-16 05:35:01,5636400,0.0
2016-06-16 05:40:01,5636700,0.0
2016-06-16 05:45:01,5637000,0.0
2016-06-16 05:50:01,5637300,0.0
2016-06-16 05:55:01,5637600,0.0
2016-06-16 06:00:01,5637900,0.0
2016-06-16 06:05:01,5638200,0.0
2016-06-16 06:10:01,5638500,0.0
2016-06-16 06:15:01,5638800,0.0
2016-06-16 06:20:01,5639100,0.0
2016-06-16 06:25:01,5639400,0.0
2016-06-16 06:30:01,5639700,0.0
2016-06-16 06:35:01,5640000,0.0
2016-06-16 06:40:01,5640300,0.0
2016-06-16 06:45:01,5640600,0.0
2016-06-16 06:50:01,5640900,0.0
2016-06-16 06:55:01,5641200,0.0
2016-06-16 07:00:01,5641500,0.0
2016-06-16 07:05:01,5641800,24.0
2016-06-16 07:10:01,5642100,27.0
2016-06-16 07:15:01,5642400,30.0
2016-06-16 07:20:01,5642700,36.0
2016-06-16 07:25:01,5643000,0.0
2016-06-16 07:30:01,5643300,0.0
2016-06-16 07:35:01,5643600,0.0
2016-06-16 07:40:01,5643900,0.0
2016-06-16 07:45:01,5644200,0.0
2016-06-16 07:50:01,5644500,0.0
2016-06-16 07:55:01,5644800,0.0
2016-06-16 08:00:01,5645100,0.0
2016-06-16 08:05:01,5645400,0.0
2016-06-16 08:10:01,5645700,68.0
2016-06-16 08:15:01,5646000,74.0
2016-06-16 08:20:01,5646300,85.0
2016-06-16 08:25:01,5646600,99.0
2016-06-16 08:30:01,5646900,127.0
2016-06-16 08:35:01,5647200,127.0
2016-06-16 08:40:01,5647500,137.0
2016-06-16 08:45:01,5647800,136.0
2016-06-16 08:50:01,5648100,150.0
2016-06-16 08:55:01,5648400,139.0
2016-06-16 09:00:01,5648700,165.0
2016-06-16 09:05:01,5649000,158.0
2016-06-16 09:10:01,5649300,182.0
2016-06-16 09:15:01,5649600,169.0
2016-06-16 09:20:01,5649900,186.0
2016-06-16 09:25:01,5650200,168.0
2016-06-16 09:30:01,5650500,170.0
2016-06-16 09:35:01,5650800,175.0
2016-06-16 09:40:01,5651100,153.0
2016-06-16 09:45:01,5651400,240.0
2016-06-16 09:50:01,5651700,268.0
2016-06-16 09:55:01,5652000,266.0
2016-06-16 10:00:01,5652300,430.0
2016-06-16 10:05:01,5652600,482.0
2016-06-16 10:10:01,5652900,313.0
2016-06-16 10:15:01,5653200,649.0
2016-06-16 10:20:01,5653500,289.0
2016-06-16 10:25:01,5653800,230.0
2016-06-16 10:30:01,5654100,255.0
2016-06-16 10:35:01,5654400,365.0
2016-06-16 10:40:01,5654700,313.0
2016-06-16 10:45:01,5655000,347.0
2016-06-16 10:50:01,5655300,794.0
2016-06-16 10:55:01,5655600,730.0
2016-06-16 11:00:01,5655900,399.0
2016-06-16 11:05:01,5656200,161.0
2016-06-16 11:10:02,5656500,818.0
2016-06-16 11:15:01,5656800,836.0
2016-06-16 11:20:01,5657100,816.0
2016-06-16 11:25:01,5657400,831.0
2016-06-16 11:30:01,5657700,857.0
2016-06-16 11:35:01,5658000,0.0
2016-06-16 11:40:01,5658300,892.0
2016-06-16 11:45:01,5658600,973.0
2016-06-16 11:50:01,5658900,0.0
2016-06-16 11:55:01,5659200,0.0
2016-06-16 12:00:01,5659500,1081.0
2016-06-16 12:05:01,5659800,969.0
2016-06-16 12:10:01,5660100,1131.0
2016-06-16 12:15:01,5660400,402.0
2016-06-16 12:20:01,5660700,1068.0
2016-06-16 12:25:01,5661000,1057.0
2016-06-16 12:30:01,5661300,1067.0
2016-06-16 12:35:01,5661600,1092.0
2016-06-16 12:40:01,5661900,1179.0
2016-06-16 12:45:01,5662200,347.0
2016-06-16 12:50:01,5662500,690.0
2016-06-16 12:55:01,5662800,257.0
2016-06-16 13:00:01,5663100,326.0
2016-06-16 13:05:01,5663400,344.0
2016-06-16 13:10:01,5663700,292.0
2016-06-16 13:15:01,5664000,258.0
2016-06-16 13:20:01,5664300,240.0
2016-06-16 13:25:01,5664600,236.0
2016-06-16 13:30:01,5664900,236.0
2016-06-16 13:35:01,5665200,251.0
2016-06-16 13:40:01,5665500,281.0
2016-06-16 13:45:01,5665800,1344.0
2016-06-16 13:50:01,5666100,1324.0
2016-06-16 13:55:01,5666400,1263.0
2016-06-16 14:00:01,5666700,1231.0
2016-06-16 14:05:01,5667000,248.0
2016-06-16 14:10:01,5667300,212.0
2016-06-16 14:15:01,5667600,180.0
2016-06-16 14:20:01,5667900,179.0
2016-06-16 14:25:01,5668200,170.0
2016-06-16 14:30:01,5668500,156.0
2016-06-16 14:35:01,5668800,114.0
2016-06-16 14:40:01,5669100,99.0
2016-06-16 14:45:01,5669400,151.0
2016-06-16 14:50:01,5669700,197.0
2016-06-16 14:55:01,5670000,242.0
2016-06-16 15:00:01,5670300,274.0
2016-06-16 15:05:01,5670600,278.0
2016-06-16 15:10:01,5670900,250.0
2016-06-16 15:15:01,5671200,254.0
2016-06-16 15:20:01,5671500,213.0
2016-06-16 15:25:01,5671800,216.0
2016-06-16 15:30:01,5672100,182.0
2016-06-16 15:35:01,5672400,126.0
2016-06-16 15:40:01,5672700,166.0
2016-06-16 15:45:01,5673000,281.0
2016-06-16 15:50:01,5673300,1186.0
2016-06-16 15:55:01,5673600,1048.0
2016-06-16 16:00:01,5673900,539.0
2016-06-16 16:05:01,5674200,486.0
2016-06-16 16:10:01,5674500,258.0
2016-06-16 16:15:01,5674800,282.0
2016-06-16 16:20:01,5675100,322.0
2016-06-16 16:25:01,5675400,1045.0
2016-06-16 16:30:01,5675700,418.0
2016-06-16 16:35:01,5676000,1047.0
2016-06-16 16:40:01,5676300,239.0
2016-06-16 16:45:01,5676600,441.0
2016-06-16 16:50:01,5676900,926.0
2016-06-16 16:55:01,5677200,974.0
2016-06-16 17:00:01,5677500,944.0
2016-06-16 17:05:01,5677800,486.0
2016-06-16 17:10:01,5678100,853.0
2016-06-16 17:15:01,5678400,244.0
2016-06-16 17:20:01,5678700,790.0
2016-06-16 17:25:01,5679000,757.0
2016-06-16 17:30:01,5679300,741.0
2016-06-16 17:35:01,5679600,723.0
2016-06-16 17:40:01,5679900,707.0
2016-06-16 17:45:01,5680200,692.0
2016-06-16 17:50:01,5680500,660.0
2016-06-16 17:55:01,5680800,633.0
2016-06-16 18:00:01,5681100,630.0
2016-06-16 18:05:02,5681400,611.0
2016-06-16 18:10:01,5681700,296.0
2016-06-16 18:15:01,5682000,555.0
2016-06-16 18:20:01,5682300,550.0
2016-06-16 18:25:01,5682600,508.0
2016-06-16 18:30:01,5682900,512.0
2016-06-16 18:35:01,5683200,488.0
2016-06-16 18:40:01,5683500,465.0
2016-06-16 18:45:01,5683800,442.0
2016-06-16 18:50:01,5684100,276.0
2016-06-16 18:55:01,5684400,310.0
2016-06-16 19:00:01,5684700,358.0
2016-06-16 19:05:01,5685000,156.0
2016-06-16 19:10:01,5685300,275.0
2016-06-16 19:15:01,5685600,66.0
2016-06-16 19:20:01,5685900,69.0
2016-06-16 19:25:01,5686200,48.0
2016-06-16 19:30:01,5686500,44.0
2016-06-16 19:35:01,5686800,53.0
2016-06-16 19:40:01,5687100,51.0
2016-06-16 19:45:01,5687400,44.0
2016-06-16 19:50:01,5687700,42.0
2016-06-16 19:55:01,5688000,47.0
2016-06-16 20:00:01,5688300,54.0
2016-06-16 20:05:01,5688600,58.0
2016-06-16 20:10:01,5688900,65.0
2016-06-16 20:15:01,5689200,64.0
2016-06-16 20:20:01,5689500,67.0
2016-06-16 20:25:01,5689800,67.0
2016-06-16 20:30:01,5690100,66.0
2016-06-16 20:35:01,5690400,63.0
2016-06-16 20:40:01,5690700,62.0
2016-06-16 20:45:01,5691000,64.0
2016-06-16 20:50:01,5691300,66.0
2016-06-16 20:55:01,5691600,67.0
2016-06-16 21:00:01,5691900,64.0
2016-06-16 21:05:01,5692200,56.0
2016-06-16 21:10:01,5692500,49.0
2016-06-16 21:15:01,5692800,40.0
2016-06-16 21:20:01,5693100,35.0
2016-06-16 21:25:01,5693400,34.0
2016-06-16 21:30:01,5693700,27.0
2016-06-16 21:35:01,5694000,18.0
2016-06-16 21:40:01,5694300,0.0
2016-06-16 21:45:01,5694600,0.0
2016-06-16 21:50:01,5694900,0.0
2016-06-16 21:55:01,5695200,0.0
2016-06-16 22:00:01,5695500,0.0
2016-06-16 22:05:01,5695800,0.0
2016-06-16 22:10:01,5696100,0.0
2016-06-16 22:15:01,5696400,0.0
2016-06-16 22:20:01,5696700,0.0
2016-06-16 22:25:01,5697000,0.0
2016-06-16 22:30:01,5697300,0.0
2016-06-16 22:35:01,5697600,0.0
2016-06-16 22:40:01,5697900,0.0
2016-06-16 22:45:01,5698200,0.0
2016-06-16 22:50:01,5698500,0.0
2016-06-16 22:55:01,5698800,0.0
2016-06-16 23:00:01,5699100,0.0
2016-06-16 23:05:01,5699400,0.0
2016-06-16 23:10:01,5699700,0.0
2016-06-16 23:15:01,5700000,0.0
2016-06-16 23:20:01,5700300,0.0
2016-06-16 23:25:01,5700600,0.0
2016-06-16 23:30:01,5700900,0.0
2016-06-16 23:35:01,5701200,0.0
2016-06-16 23:40:01,5701500,0.0
2016-06-16 23:45:01,5701800,0.0
2016-06-16 23:50:01,5702100,0.0
2016-06-16 23:55:01,5702400,0.0
2016-06-17 00:00:01,5702700,0.0
2016-06-17 00:05:01,5703000,0.0
2016-06-17 00:10:01,5703300,0.0
2016-06-17 00:15:01,5703600,0.0
2016-06-17 00:20:01,5703900,0.0
2016-06-17 00:25:01,5704200,0.0
2016-06-17 00:30:01,5704500,0.0
2016-06-17 00:35:01,5704800,0.0
2016-06-17 00:40:01,5705100,0.0
2016-06-17 00:45:01,5705400,0.0
2016-06-17 00:50:01,5705700,0.0
2016-06-17 00:55:01,5706000,0.0
2016-06-17 01:00:01,5706300,0.0
2016-06-17 01:05:01,5706600,0.0
2016-06-17 01:10:01,5706900,0.0
2016-06-17 01:15:01,5707200,0.0
2016-06-17 01:20:01,5707500,0.0
2016-06-17 01:25:01,5707800,0.0
2016-06-17 01:30:01,5708100,0.0
2016-06-17 01:35:01,5708400,0.0
2016-06-17 01:40:01,5708700,0.0
2016-06-17 01:45:01,5709000,0.0
2016-06-17 01:50:01,5709300,0.0
2016-06-17 01:55:01,5709600,0.0
2016-06-17 02:00:01,5709900,0.0
2016-06-17 02:05:01,5710200,0.0
2016-06-17 02:10:01,5710500,0.0
2016-06-17 02:15:01,5710800,0.0
2016-06-17 02:20:01,5711100,0.0
2016-06-17 02:25:01,5711400,0.0
2016-06-17 02:30:01,5711700,0.0
2016-06-17 02:35:01,5712000,0.0
2016-06-17 02:40:01,5712300,0.0
2016-06-17 02:45:01,5712600,0.0
2016-06-17 02:50:01,5712900,0.0
2016-06-17 02:55:01,5713200,0.0
2016-06-17 03:00:01,5713500,0.0
2016-06-17 03:05:01,5713800,0.0
2016-06-17 03:10:01,5714100,0.0
2016-06-17 03:15:01,5714400,0.0
2016-06-17 03:20:01,5714700,0.0
2016-06-17 03:25:01,5715000,0.0
2016-06-17 03:30:01,5715300,0.0
2016-06-17 03:35:01,5715600,0.0
2016-06-17 03:40:01,5715900,0.0
2016-06-17 03:45:01,5716200,0.0
2016-06-17 03:50:01,5716500,0.0
2016-06-17 03:55:01,5716800,0.0
2016-06-17 04:00:01,5717100,0.0
2016-06-17 04:05:01,5717400,0.0
2016-06-17 04:10:01,5717700,0.0
2016-06-17 04:15:01,5718000,0.0
2016-06-17 04:20:01,5718300,0.0
2016-06-17 04:25:01,5718600,0.0
2016-06-17 04:30:01,5718900,0.0
2016-06-17 04:35:01,5719200,0.0
2016-06-17 04:40:01,5719500,0.0
2016-06-17 04:45:01,5719800,0.0
2016-06-17 04:50:01,5720100,0.0
2016-06-17 04:55:01,5720400,0.0
2016-06-17 05:00:01,5720700,0.0
2016-06-17 05:05:01,5721000,0.0
2016-06-17 05:10:01,5721300,0.0
2016-06-17 05:15:01,5721600,0.0
2016-06-17 05:20:01,5721900,0.0
2016-06-17 05:25:01,5722200,0.0
2016-06-17 05:30:01,5722500,0.0
2016-06-17 05:35:01,5722800,0.0
2016-06-17 05:40:01,5723100,0.0
2016-06-17 05:45:01,5723400,0.0
2016-06-17 05:50:01,5723700,0.0
2016-06-17 05:55:01,5724000,0.0
2016-06-17 06:00:01,5724300,0.0
2016-06-17 06:05:01,5724600,0.0
2016-06-17 06:10:01,5724900,0.0
2016-06-17 06:15:01,5725200,0.0
2016-06-17 06:20:01,5725500,0.0
2016-06-17 06:25:01,5725800,0.0
2016-06-17 06:30:01,5726100,0.0
2016-06-17 06:35:01,5726400,0.0
2016-06-17 06:40:01,5726700,0.0
2016-06-17 06:45:01,5727000,0.0
2016-06-17 06:50:01,5727300,0.0
2016-06-17 06:55:01,5727600,15.0
2016-06-17 07:00:01,5727900,17.0
2016-06-17 07:05:01,5728200,19.0
2016-06-17 07:10:01,5728500,27.0
2016-06-17 07:15:01,5728800,32.0
2016-06-17 07:20:01,5729100,27.0
2016-06-17 07:25:01,5729400,34.0
2016-06-17 07:30:01,5729700,33.0
2016-06-17 07:35:01,5730000,35.0
2016-06-17 07:40:01,5730300,34.0
2016-06-17 07:45:01,5730600,35.0
2016-06-17 07:50:01,5730900,37.0
2016-06-17 07:55:01,5731200,40.0
2016-06-17 08:00:01,5731500,42.0
2016-06-17 08:05:01,5731800,46.0
2016-06-17 08:10:01,5732100,48.0
2016-06-17 08:15:01,5732400,52.0
2016-06-17 08:20:01,5732700,53.0
2016-06-17 08:25:01,5733000,60.0
2016-06-17 08:30:01,5733300,66.0
2016-06-17 08:35:01,5733600,91.0
2016-06-17 08:40:01,5733900,86.0
2016-06-17 08:45:01,5734200,103.0
2016-06-17 08:50:01,5734500,105.0
2016-06-17 08:55:01,5734800,138.0
2016-06-17 09:00:01,5735100,174.0
2016-06-17 09:05:01,5735400,182.0
2016-06-17 09:10:01,5735700,248.0
2016-06-17 09:15:01,5736000,333.0
2016-06-17 09:20:01,5736300,246.0
2016-06-17 09:25:01,5736600,219.0
2016-06-17 09:30:01,5736900,270.0
2016-06-17 09:35:01,5737200,138.0
2016-06-17 09:40:01,5737500,128.0
2016-06-17 09:45:01,5737800,139.0
2016-06-17 09:50:01,5738100,115.0
2016-06-17 09:55:01,5738400,82.0
2016-06-17 10:00:01,5738700,134.0
2016-06-17 10:05:01,5739000,123.0
2016-06-17 10:10:01,5739300,101.0
2016-06-17 10:15:01,5739600,186.0
2016-06-17 10:20:01,5739900,169.0
2016-06-17 10:25:01,5740200,168.0
2016-06-17 10:30:01,5740500,230.0
2016-06-17 10:35:01,5740800,332.0
2016-06-17 10:40:01,5741100,533.0
2016-06-17 10:45:01,5741400,266.0
2016-06-17 10:50:01,5741700,216.0
2016-06-17 10:55:01,5742000,292.0
2016-06-17 11:00:01,5742300,370.0
2016-06-17 11:05:01,5742600,361.0
2016-06-17 11:10:01,5742900,287.0
2016-06-17 11:15:01,5743200,207.0
2016-06-17 11:20:01,5743500,660.0
2016-06-17 11:25:02,5743800,615.0
2016-06-17 11:30:01,5744100,281.0
2016-06-17 11:35:01,5744400,759.0
2016-06-17 11:40:01,5744700,245.0
2016-06-17 11:45:01,5745000,855.0
2016-06-17 11:50:01,5745300,904.0
2016-06-17 11:55:01,5745600,921.0
2016-06-17 12:00:01,5745900,1088.0
2016-06-17 12:05:01,5746200,420.0
2016-06-17 12:10:01,5746500,148.0
2016-06-17 12:15:01,5746800,104.0
2016-06-17 12:20:01,5747100,143.0
2016-06-17 12:25:01,5747400,186.0
2016-06-17 12:30:01,5747700,174.0
2016-06-17 12:35:01,5748000,151.0
2016-06-17 12:40:01,5748300,150.0
2016-06-17 12:45:01,5748600,169.0
2016-06-17 12:50:01,5748900,212.0
2016-06-17 12:55:01,5749200,285.0
2016-06-17 13:00:01,5749500,494.0
2016-06-17 13:05:01,5749800,590.0
2016-06-17 13:10:02,5750100,362.0
2016-06-17 13:15:01,5750400,269.0
2016-06-17 13:20:01,5750700,219.0
2016-06-17 13:25:01,5751000,148.0
2016-06-17 13:30:01,5751300,199.0
2016-06-17 13:35:01,5751600,281.0
2016-06-17 13:40:01,5751900,303.0
2016-06-17 13:45:01,5752200,308.0
2016-06-17 13:50:01,5752500,273.0
2016-06-17 13:55:01,5752800,302.0
2016-06-17 14:00:01,5753100,333.0
2016-06-17 14:05:01,5753400,344.0
2016-06-17 14:10:01,5753700,290.0
2016-06-17 14:15:01,5754000,288.0
2016-06-17 14:20:01,5754300,301.0
2016-06-17 14:25:01,5754600,337.0
2016-06-17 14:30:01,5754900,395.0
2016-06-17 14:35:01,5755200,599.0
2016-06-17 14:40:01,5755500,602.0
2016-06-17 14:45:01,5755800,349.0
2016-06-17 14:50:01,5756100,114.0
2016-06-17 14:55:01,5756400,37.0
2016-06-17 15:00:01,5756700,69.0
2016-06-17 15:05:01,5757000,191.0
2016-06-17 15:10:01,5757300,391.0
2016-06-17 15:15:01,5757600,388.0
2016-06-17 15:20:01,5757900,253.0
2016-06-17 15:25:01,5758200,200.0
2016-06-17 15:30:01,5758500,156.0
2016-06-17 15:35:01,5758800,44.0
2016-06-17 15:40:01,5759100,20.0
2016-06-17 15:45:01,5759400,29.0
2016-06-17 15:50:01,5759700,30.0
2016-06-17 15:55:01,5760000,27.0
2016-06-17 16:00:01,5760300,42.0
2016-06-17 16:05:01,5760600,68.0
2016-06-17 16:10:01,5760900,87.0
2016-06-17 16:15:01,5761200,103.0
2016-06-17 16:20:01,5761500,103.0
2016-06-17 16:25:01,5761800,133.0
2016-06-17 16:30:01,5762100,224.0
2016-06-17 16:35:01,5762400,366.0
2016-06-17 16:40:01,5762700,476.0
2016-06-17 16:45:01,5763000,491.0
2016-06-17 16:50:01,5763300,1022.0
2016-06-17 16:55:01,5763600,911.0
2016-06-17 17:00:01,5763900,746.0
2016-06-17 17:05:01,5764200,545.0
2016-06-17 17:10:01,5764500,820.0
2016-06-17 17:15:01,5764800,842.0
2016-06-17 17:20:01,5765100,262.0
2016-06-17 17:25:01,5765400,196.0
2016-06-17 17:30:01,5765700,121.0
2016-06-17 17:35:01,5766000,119.0
2016-06-17 17:40:01,5766300,119.0
2016-06-17 17:45:01,5766600,111.0
2016-06-17 17:50:01,5766900,86.0
2016-06-17 17:55:01,5767200,90.0
2016-06-17 18:00:01,5767500,148.0
2016-06-17 18:05:01,5767800,176.0
2016-06-17 18:10:01,5768100,155.0
2016-06-17 18:15:01,5768400,144.0
2016-06-17 18:20:01,5768700,164.0
2016-06-17 18:25:01,5769000,65.0
2016-06-17 18:30:01,5769300,67.0
2016-06-17 18:35:01,5769600,48.0
2016-06-17 18:40:01,5769900,27.0
2016-06-17 18:45:01,5770200,29.0
2016-06-17 18:50:01,5770500,37.0
2016-06-17 18:55:01,5770800,44.0
2016-06-17 19:00:01,5771100,64.0
2016-06-17 19:05:01,5771400,77.0
2016-06-17 19:10:01,5771700,61.0
2016-06-17 19:15:01,5772000,51.0
2016-06-17 19:20:01,5772300,62.0
2016-06-17 19:25:01,5772600,78.0
2016-06-17 19:30:01,5772900,167.0
2016-06-17 19:35:01,5773200,202.0
2016-06-17 19:40:01,5773500,182.0
2016-06-17 19:45:01,5773800,156.0
2016-06-17 19:50:01,5774100,134.0
2016-06-17 19:55:01,5774400,101.0
2016-06-17 20:00:01,5774700,78.0
2016-06-17 20:05:01,5775000,61.0
2016-06-17 20:10:01,5775300,37.0
2016-06-17 20:15:01,5775600,25.0
2016-06-17 20:20:01,5775900,25.0
2016-06-17 20:25:01,5776200,25.0
2016-06-17 20:30:01,5776500,25.0
2016-06-17 20:35:01,5776800,25.0
2016-06-17 20:40:01,5777100,24.0
2016-06-17 20:45:01,5777400,21.0
2016-06-17 20:50:01,5777700,23.0
2016-06-17 20:55:01,5778000,26.0
2016-06-17 21:00:01,5778300,23.0
2016-06-17 21:05:01,5778600,25.0
2016-06-17 21:10:01,5778900,26.0
2016-06-17 21:15:01,5779200,21.0
2016-06-17 21:20:01,5779500,18.0
2016-06-17 21:25:01,5779800,15.0
2016-06-17 21:30:01,5780100,17.0
2016-06-17 21:35:01,5780400,17.0
2016-06-17 21:40:01,5780700,16.0
2016-06-17 21:45:01,5781000,13.0
2016-06-17 21:50:01,5781300,0.0
2016-06-17 21:55:01,5781600,0.0
2016-06-17 22:00:01,5781900,0.0
2016-06-17 22:05:01,5782200,0.0
2016-06-17 22:10:01,5782500,0.0
2016-06-17 22:15:01,5782800,0.0
2016-06-17 22:20:01,5783100,0.0
2016-06-17 22:25:01,5783400,0.0
2016-06-17 22:30:01,5783700,0.0
2016-06-17 22:35:01,5784000,0.0
2016-06-17 22:40:01,5784300,0.0
2016-06-17 22:45:01,5784600,0.0
2016-06-17 22:50:01,5784900,0.0
2016-06-17 22:55:01,5785200,0.0
2016-06-17 23:00:01,5785500,0.0
2016-06-17 23:05:01,5785800,0.0
2016-06-17 23:10:01,5786100,0.0
2016-06-17 23:15:01,5786400,0.0
2016-06-17 23:20:01,5786700,0.0
2016-06-17 23:25:01,5787000,0.0
2016-06-17 23:30:01,5787300,0.0
2016-06-17 23:35:01,5787600,0.0
2016-06-17 23:40:01,5787900,0.0
2016-06-17 23:45:01,5788200,0.0
2016-06-17 23:50:01,5788500,0.0
2016-06-17 23:55:01,5788800,0.0
2016-06-18 00:00:01,5789100,0.0
2016-06-18 00:05:01,5789400,0.0
2016-06-18 00:10:01,5789700,0.0
2016-06-18 00:15:01,5790000,0.0
2016-06-18 00:20:01,5790300,0.0
2016-06-18 00:25:01,5790600,0.0
2016-06-18 00:30:01,5790900,0.0
2016-06-18 00:35:01,5791200,0.0
2016-06-18 00:40:01,5791500,0.0
2016-06-18 00:45:01,5791800,0.0
2016-06-18 00:50:01,5792100,0.0
2016-06-18 00:55:01,5792400,0.0
2016-06-18 01:00:01,5792700,0.0
2016-06-18 01:05:01,5793000,0.0
2016-06-18 01:10:01,5793300,0.0
2016-06-18 01:15:01,5793600,0.0
2016-06-18 01:20:01,5793900,0.0
2016-06-18 01:25:01,5794200,0.0
2016-06-18 01:30:01,5794500,0.0
2016-06-18 01:35:01,5794800,0.0
2016-06-18 01:40:01,5795100,0.0
2016-06-18 01:45:01,5795400,0.0
2016-06-18 01:50:01,5795700,0.0
2016-06-18 01:55:01,5796000,0.0
2016-06-18 02:00:01,5796300,0.0
2016-06-18 02:05:01,5796600,0.0
2016-06-18 02:10:01,5796900,0.0
2016-06-18 02:15:01,5797200,0.0
2016-06-18 02:20:01,5797500,0.0
2016-06-18 02:25:01,5797800,0.0
2016-06-18 02:30:01,5798100,0.0
2016-06-18 02:35:01,5798400,0.0
2016-06-18 02:40:01,5798700,0.0
2016-06-18 02:45:01,5799000,0.0
2016-06-18 02:50:01,5799300,0.0
2016-06-18 02:55:01,5799600,0.0
2016-06-18 03:00:01,5799900,0.0
2016-06-18 03:05:01,5800200,0.0
2016-06-18 03:10:01,5800500,0.0
2016-06-18 03:15:01,5800800,0.0
2016-06-18 03:20:01,5801100,0.0
2016-06-18 03:25:01,5801400,0.0
2016-06-18 03:30:01,5801700,0.0
2016-06-18 03:35:01,5802000,0.0
2016-06-18 03:40:01,5802300,0.0
2016-06-18 03:45:01,5802600,0.0
2016-06-18 03:50:01,5802900,0.0
2016-06-18 03:55:01,5803200,0.0
2016-06-18 04:00:01,5803500,0.0
2016-06-18 04:05:01,5803800,0.0
2016-06-18 04:10:01,5804100,0.0
2016-06-18 04:15:01,5804400,0.0
2016-06-18 04:20:01,5804700,0.0
2016-06-18 04:25:01,5805000,0.0
2016-06-18 04:30:01,5805300,0.0
2016-06-18 04:35:01,5805600,0.0
2016-06-18 04:40:01,5805900,0.0
2016-06-18 04:45:01,5806200,0.0
2016-06-18 04:50:01,5806500,0.0
2016-06-18 04:55:01,5806800,0.0
2016-06-18 05:00:01,5807100,0.0
2016-06-18 05:05:01,5807400,0.0
2016-06-18 05:10:01,5807700,0.0
2016-06-18 05:15:01,5808000,0.0
2016-06-18 05:20:01,5808300,0.0
2016-06-18 05:25:01,5808600,0.0
2016-06-18 05:30:01,5808900,0.0
2016-06-18 05:35:01,5809200,0.0
2016-06-18 05:40:01,5809500,0.0
2016-06-18 05:45:01,5809800,0.0
2016-06-18 05:50:01,5810100,0.0
2016-06-18 05:55:01,5810400,0.0
2016-06-18 06:00:01,5810700,0.0
2016-06-18 06:05:01,5811000,0.0
2016-06-18 06:10:01,5811300,0.0
2016-06-18 06:15:01,5811600,0.0
2016-06-18 06:20:01,5811900,0.0
2016-06-18 06:25:01,5812200,0.0
2016-06-18 06:30:01,5812500,0.0
2016-06-18 06:35:01,5812800,0.0
2016-06-18 06:40:01,5813100,0.0
2016-06-18 06:45:01,5813400,0.0
2016-06-18 06:50:01,5813700,0.0
2016-06-18 06:55:01,5814000,0.0
2016-06-18 07:00:01,5814300,15.0
2016-06-18 07:05:01,5814600,17.0
2016-06-18 07:10:01,5814900,19.0
2016-06-18 07:15:01,5815200,20.0
2016-06-18 07:20:01,5815500,21.0
2016-06-18 07:25:01,5815800,22.0
2016-06-18 07:30:01,5816100,24.0
2016-06-18 07:35:01,5816400,26.0
2016-06-18 07:40:01,5816700,28.0
2016-06-18 07:45:01,5817000,29.0
2016-06-18 07:50:01,5817300,30.0
2016-06-18 07:55:01,5817600,32.0
2016-06-18 08:00:01,5817900,33.0
2016-06-18 08:05:01,5818200,35.0
2016-06-18 08:10:01,5818500,35.0
2016-06-18 08:15:01,5818800,37.0
2016-06-18 08:20:01,5819100,40.0
2016-06-18 08:25:01,5819400,42.0
2016-06-18 08:30:01,5819700,47.0
2016-06-18 08:35:01,5820000,69.0
2016-06-18 08:40:01,5820300,65.0
2016-06-18 08:45:01,5820600,64.0
2016-06-18 08:50:01,5820900,65.0
2016-06-18 08:55:01,5821200,89.0
2016-06-18 09:00:01,5821500,165.0
2016-06-18 09:05:01,5821800,181.0
2016-06-18 09:10:01,5822100,205.0
2016-06-18 09:15:01,5822400,230.0
2016-06-18 09:20:01,5822700,257.0
2016-06-18 09:25:01,5823000,204.0
2016-06-18 09:30:01,5823300,337.0
2016-06-18 09:35:01,5823600,336.0
2016-06-18 09:40:01,5823900,504.0
2016-06-18 09:45:01,5824200,204.0
2016-06-18 09:50:01,5824500,166.0
2016-06-18 09:55:01,5824800,112.0
2016-06-18 10:00:01,5825100,260.0
2016-06-18 10:05:01,5825400,332.0
2016-06-18 10:10:01,5825700,299.0
2016-06-18 10:15:01,5826000,172.0
2016-06-18 10:20:01,5826300,98.0
2016-06-18 10:25:01,5826600,82.0
2016-06-18 10:30:01,5826900,127.0
2016-06-18 10:35:01,5827200,221.0
2016-06-18 10:40:01,5827500,248.0
2016-06-18 10:45:01,5827800,246.0
2016-06-18 10:50:01,5828100,258.0
2016-06-18 10:55:01,5828400,424.0
2016-06-18 11:00:01,5828700,721.0
2016-06-18 11:05:01,5829000,1050.0
2016-06-18 11:10:01,5829300,217.0
2016-06-18 11:15:01,5829600,193.0
2016-06-18 11:20:01,5829900,185.0
2016-06-18 11:25:02,5830200,240.0
2016-06-18 11:30:01,5830500,217.0
2016-06-18 11:35:01,5830800,249.0
2016-06-18 11:40:01,5831100,271.0
2016-06-18 11:45:01,5831400,287.0
2016-06-18 11:50:01,5831700,326.0
2016-06-18 11:55:01,5832000,299.0
2016-06-18 12:00:01,5832300,244.0
2016-06-18 12:05:01,5832600,236.0
2016-06-18 12:10:01,5832900,255.0
2016-06-18 12:15:01,5833200,350.0
2016-06-18 12:20:01,5833500,489.0
2016-06-18 12:25:01,5833800,493.0
2016-06-18 12:30:01,5834100,270.0
2016-06-18 12:35:01,5834400,221.0
2016-06-18 12:40:01,5834700,234.0
2016-06-18 12:45:01,5835000,272.0
2016-06-18 12:50:01,5835300,280.0
2016-06-18 12:55:01,5835600,215.0
2016-06-18 13:00:01,5835900,168.0
2016-06-18 13:05:01,5836200,284.0
2016-06-18 13:10:01,5836500,354.0
2016-06-18 13:15:01,5836800,209.0
2016-06-18 13:20:01,5837100,156.0
2016-06-18 13:25:01,5837400,275.0
2016-06-18 13:30:01,5837700,559.0
2016-06-18 13:35:01,5838000,548.0
2016-06-18 13:40:01,5838300,455.0
2016-06-18 13:45:01,5838600,251.0
2016-06-18 13:50:01,5838900,306.0
2016-06-18 13:55:01,5839200,236.0
2016-06-18 14:00:01,5839500,197.0
2016-06-18 14:05:01,5839800,247.0
2016-06-18 14:10:01,5840100,312.0
2016-06-18 14:15:01,5840400,1316.0
2016-06-18 14:20:01,5840700,999.0
2016-06-18 14:25:01,5841000,1212.0
2016-06-18 14:30:01,5841300,1184.0
2016-06-18 14:35:01,5841600,1196.0
2016-06-18 14:40:01,5841900,1147.0
2016-06-18 14:45:01,5842200,103.0
2016-06-18 14:50:01,5842500,50.0
2016-06-18 14:55:01,5842800,40.0
2016-06-18 15:00:01,5843100,41.0
2016-06-18 15:05:01,5843400,49.0
2016-06-18 15:10:01,5843700,68.0
2016-06-18 15:15:01,5844000,74.0
2016-06-18 15:20:01,5844300,69.0
2016-06-18 15:25:01,5844600,73.0
2016-06-18 15:30:01,5844900,90.0
2016-06-18 15:35:01,5845200,102.0
2016-06-18 15:40:01,5845500,88.0
2016-06-18 15:45:01,5845800,69.0
2016-06-18 15:50:01,5846100,62.0
2016-06-18 15:55:01,5846400,56.0
2016-06-18 16:00:01,5846700,61.0
2016-06-18 16:05:01,5847000,57.0
2016-06-18 16:10:01,5847300,58.0
2016-06-18 16:15:01,5847600,60.0
2016-06-18 16:20:01,5847900,74.0
2016-06-18 16:25:01,5848200,79.0
2016-06-18 16:30:01,5848500,72.0
2016-06-18 16:35:01,5848800,76.0
2016-06-18 16:40:01,5849100,94.0
2016-06-18 16:45:01,5849400,126.0
2016-06-18 16:50:01,5849700,170.0
2016-06-18 16:55:01,5850000,257.0
2016-06-18 17:00:01,5850300,317.0
2016-06-18 17:05:01,5850600,272.0
2016-06-18 17:10:01,5850900,222.0
2016-06-18 17:15:01,5851200,225.0
2016-06-18 17:20:01,5851500,238.0
2016-06-18 17:25:01,5851800,553.0
2016-06-18 17:30:01,5852100,681.0
2016-06-18 17:35:01,5852400,221.0
2016-06-18 17:40:01,5852700,194.0
2016-06-18 17:45:01,5853000,759.0
2016-06-18 17:50:01,5853300,177.0
2016-06-18 17:55:01,5853600,115.0
2016-06-18 18:00:01,5853900,262.0
2016-06-18 18:05:01,5854200,496.0
2016-06-18 18:10:01,5854500,313.0
2016-06-18 18:15:01,5854800,399.0
2016-06-18 18:20:01,5855100,275.0
2016-06-18 18:25:01,5855400,402.0
2016-06-18 18:30:01,5855700,374.0
2016-06-18 18:35:01,5856000,209.0
2016-06-18 18:40:01,5856300,190.0
2016-06-18 18:45:01,5856600,184.0
2016-06-18 18:50:01,5856900,213.0
2016-06-18 18:55:01,5857200,198.0
2016-06-18 19:00:01,5857500,154.0
2016-06-18 19:05:01,5857800,137.0
2016-06-18 19:10:01,5858100,136.0
2016-06-18 19:15:01,5858400,128.0
2016-06-18 19:20:01,5858700,119.0
2016-06-18 19:25:01,5859000,114.0
2016-06-18 19:30:01,5859300,120.0
2016-06-18 19:35:01,5859600,123.0
2016-06-18 19:40:01,5859900,119.0
2016-06-18 19:45:01,5860200,109.0
2016-06-18 19:50:01,5860500,113.0
2016-06-18 19:55:01,5860800,109.0
2016-06-18 20:00:01,5861100,100.0
2016-06-18 20:05:01,5861400,103.0
2016-06-18 20:10:01,5861700,109.0
2016-06-18 20:15:01,5862000,84.0
2016-06-18 20:20:01,5862300,77.0
2016-06-18 20:25:01,5862600,77.0
2016-06-18 20:30:01,5862900,69.0
2016-06-18 20:35:01,5863200,69.0
2016-06-18 20:40:01,5863500,46.0
2016-06-18 20:45:01,5863800,25.0
2016-06-18 20:50:01,5864100,0.0
2016-06-18 20:55:01,5864400,0.0
2016-06-18 21:00:01,5864700,0.0
2016-06-18 21:05:01,5865000,0.0
2016-06-18 21:10:01,5865300,0.0
2016-06-18 21:15:01,5865600,0.0
2016-06-18 21:20:01,5865900,0.0
2016-06-18 21:25:01,5866200,0.0
2016-06-18 21:30:01,5866500,0.0
2016-06-18 21:35:01,5866800,0.0
2016-06-18 21:40:01,5867100,0.0
2016-06-18 21:45:01,5867400,0.0
2016-06-18 21:50:01,5867700,0.0
2016-06-18 21:55:01,5868000,0.0
2016-06-18 22:00:01,5868300,0.0
2016-06-18 22:05:01,5868600,0.0
2016-06-18 22:10:01,5868900,0.0
2016-06-18 22:15:01,5869200,0.0
2016-06-18 22:20:01,5869500,0.0
2016-06-18 22:25:01,5869800,0.0
2016-06-18 22:30:01,5870100,0.0
2016-06-18 22:35:01,5870400,0.0
2016-06-18 22:40:01,5870700,0.0
2016-06-18 22:45:01,5871000,0.0
2016-06-18 22:50:01,5871300,0.0
2016-06-18 22:55:01,5871600,0.0
2016-06-18 23:00:01,5871900,0.0
2016-06-18 23:05:01,5872200,0.0
2016-06-18 23:10:01,5872500,0.0
2016-06-18 23:15:01,5872800,0.0
2016-06-18 23:20:01,5873100,0.0
2016-06-18 23:25:01,5873400,0.0
2016-06-18 23:30:01,5873700,0.0
2016-06-18 23:35:01,5874000,0.0
2016-06-18 23:40:01,5874300,0.0
2016-06-18 23:45:01,5874600,0.0
2016-06-18 23:50:01,5874900,0.0
2016-06-18 23:55:01,5875200,0.0
2016-06-19 00:00:01,5875500,0.0
2016-06-19 00:05:01,5875800,0.0
2016-06-19 00:10:01,5876100,0.0
2016-06-19 00:15:01,5876400,0.0
2016-06-19 00:20:01,5876700,0.0
2016-06-19 00:25:01,5877000,0.0
2016-06-19 00:30:01,5877300,0.0
2016-06-19 00:35:01,5877600,0.0
2016-06-19 00:40:01,5877900,0.0
2016-06-19 00:45:01,5878200,0.0
2016-06-19 00:50:01,5878500,0.0
2016-06-19 00:55:01,5878800,0.0
2016-06-19 01:00:01,5879100,0.0
2016-06-19 01:05:01,5879400,0.0
2016-06-19 01:10:01,5879700,0.0
2016-06-19 01:15:01,5880000,0.0
2016-06-19 01:20:01,5880300,0.0
2016-06-19 01:25:01,5880600,0.0
2016-06-19 01:30:01,5880900,0.0
2016-06-19 01:35:01,5881200,0.0
2016-06-19 01:40:01,5881500,0.0
2016-06-19 01:45:01,5881800,0.0
2016-06-19 01:50:01,5882100,0.0
2016-06-19 01:55:01,5882400,0.0
2016-06-19 02:00:01,5882700,0.0
2016-06-19 02:05:01,5883000,0.0
2016-06-19 02:10:01,5883300,0.0
2016-06-19 02:15:01,5883600,0.0
2016-06-19 02:20:01,5883900,0.0
2016-06-19 02:25:01,5884200,0.0
2016-06-19 02:30:01,5884500,0.0
2016-06-19 02:35:01,5884800,0.0
2016-06-19 02:40:01,5885100,0.0
2016-06-19 02:45:01,5885400,0.0
2016-06-19 02:50:01,5885700,0.0
2016-06-19 02:55:01,5886000,0.0
2016-06-19 03:00:01,5886300,0.0
2016-06-19 03:05:01,5886600,0.0
2016-06-19 03:10:01,5886900,0.0
2016-06-19 03:15:01,5887200,0.0
2016-06-19 03:20:01,5887500,0.0
2016-06-19 03:25:01,5887800,0.0
2016-06-19 03:30:01,5888100,0.0
2016-06-19 03:35:01,5888400,0.0
2016-06-19 03:40:01,5888700,0.0
2016-06-19 03:45:01,5889000,0.0
2016-06-19 03:50:01,5889300,0.0
2016-06-19 03:55:01,5889600,0.0
2016-06-19 04:00:01,5889900,0.0
2016-06-19 04:05:01,5890200,0.0
2016-06-19 04:10:01,5890500,0.0
2016-06-19 04:15:01,5890800,0.0
2016-06-19 04:20:01,5891100,0.0
2016-06-19 04:25:01,5891400,0.0
2016-06-19 04:30:01,5891700,0.0
2016-06-19 04:35:01,5892000,0.0
2016-06-19 04:40:01,5892300,0.0
2016-06-19 04:45:01,5892600,0.0
2016-06-19 04:50:01,5892900,0.0
2016-06-19 04:55:01,5893200,0.0
2016-06-19 05:00:01,5893500,0.0
2016-06-19 05:05:01,5893800,0.0
2016-06-19 05:10:01,5894100,0.0
2016-06-19 05:15:01,5894400,0.0
2016-06-19 05:20:01,5894700,0.0
2016-06-19 05:25:01,5895000,0.0
2016-06-19 05:30:01,5895300,0.0
2016-06-19 05:35:01,5895600,0.0
2016-06-19 05:40:01,5895900,0.0
2016-06-19 05:45:01,5896200,0.0
2016-06-19 05:50:01,5896500,0.0
2016-06-19 05:55:01,5896800,0.0
2016-06-19 06:00:01,5897100,0.0
2016-06-19 06:05:01,5897400,0.0
2016-06-19 06:10:01,5897700,0.0
2016-06-19 06:15:01,5898000,0.0
2016-06-19 06:20:01,5898300,0.0
2016-06-19 06:25:01,5898600,0.0
2016-06-19 06:30:01,5898900,0.0
2016-06-19 06:35:01,5899200,0.0
2016-06-19 06:40:01,5899500,0.0
2016-06-19 06:45:01,5899800,0.0
2016-06-19 06:50:01,5900100,0.0
2016-06-19 06:55:01,5900400,0.0
2016-06-19 07:00:01,5900700,14.0
2016-06-19 07:05:01,5901000,16.0
2016-06-19 07:10:01,5901300,22.0
2016-06-19 07:15:01,5901600,24.0
2016-06-19 07:20:01,5901900,29.0
2016-06-19 07:25:01,5902200,34.0
2016-06-19 07:30:01,5902500,31.0
2016-06-19 07:35:01,5902800,30.0
2016-06-19 07:40:01,5903100,35.0
2016-06-19 07:45:01,5903400,59.0
2016-06-19 07:50:01,5903700,59.0
2016-06-19 07:55:01,5904000,70.0
2016-06-19 08:00:01,5904300,63.0
2016-06-19 08:05:01,5904600,54.0
2016-06-19 08:10:01,5904900,50.0
2016-06-19 08:15:01,5905200,74.0
2016-06-19 08:20:01,5905500,77.0
2016-06-19 08:25:01,5905800,106.0
2016-06-19 08:30:01,5906100,98.0
2016-06-19 08:35:01,5906400,94.0
2016-06-19 08:40:01,5906700,104.0
2016-06-19 08:45:01,5907000,107.0
2016-06-19 08:50:01,5907300,112.0
2016-06-19 08:55:01,5907600,200.0
2016-06-19 09:00:01,5907900,166.0
2016-06-19 09:05:01,5908200,219.0
2016-06-19 09:10:01,5908500,192.0
2016-06-19 09:15:01,5908800,350.0
2016-06-19 09:20:01,5909100,417.0
2016-06-19 09:25:01,5909400,404.0
2016-06-19 09:30:01,5909700,234.0
2016-06-19 09:35:01,5910000,261.0
2016-06-19 09:40:01,5910300,241.0
2016-06-19 09:45:01,5910600,259.0
2016-06-19 09:50:01,5910900,192.0
2016-06-19 09:55:01,5911200,216.0
2016-06-19 10:00:01,5911500,463.0
2016-06-19 10:05:02,5911800,439.0
2016-06-19 10:10:01,5912100,250.0
2016-06-19 10:15:01,5912400,421.0
2016-06-19 10:20:01,5912700,563.0
2016-06-19 10:25:01,5913000,544.0
2016-06-19 10:30:01,5913300,596.0
2016-06-19 10:35:01,5913600,567.0
2016-06-19 10:40:01,5913900,575.0
2016-06-19 10:45:01,5914200,574.0
2016-06-19 10:50:01,5914500,617.0
2016-06-19 10:55:01,5914800,679.0
2016-06-19 11:00:01,5915100,649.0
2016-06-19 11:05:01,5915400,675.0
2016-06-19 11:10:01,5915700,787.0
2016-06-19 11:15:01,5916000,496.0
2016-06-19 11:20:01,5916300,430.0
2016-06-19 11:25:01,5916600,956.0
2016-06-19 11:30:01,5916900,262.0
2016-06-19 11:35:01,5917200,321.0
2016-06-19 11:40:01,5917500,509.0
2016-06-19 11:45:01,5917800,659.0
2016-06-19 11:50:01,5918100,351.0
2016-06-19 11:55:01,5918400,544.0
2016-06-19 12:00:01,5918700,554.0
2016-06-19 12:05:01,5919000,394.0
2016-06-19 12:10:01,5919300,324.0
2016-06-19 12:15:01,5919600,310.0
2016-06-19 12:20:01,5919900,725.0
2016-06-19 12:25:01,5920200,667.0
2016-06-19 12:30:01,5920500,692.0
2016-06-19 12:35:01,5920800,417.0
2016-06-19 12:40:01,5921100,335.0
2016-06-19 12:45:01,5921400,821.0
2016-06-19 12:50:01,5921700,546.0
2016-06-19 12:55:01,5922000,928.0
2016-06-19 13:00:01,5922300,411.0
2016-06-19 13:05:01,5922600,857.0
2016-06-19 13:10:01,5922900,450.0
2016-06-19 13:15:01,5923200,328.0
2016-06-19 13:20:01,5923500,1055.0
2016-06-19 13:25:01,5923800,329.0
2016-06-19 13:30:01,5924100,289.0
2016-06-19 13:35:01,5924400,299.0
2016-06-19 13:40:01,5924700,312.0
2016-06-19 13:45:01,5925000,1156.0
2016-06-19 13:50:01,5925300,349.0
2016-06-19 13:55:01,5925600,1327.0
2016-06-19 14:00:01,5925900,390.0
2016-06-19 14:05:01,5926200,1240.0
2016-06-19 14:10:01,5926500,265.0
2016-06-19 14:15:01,5926800,1123.0
2016-06-19 14:20:01,5927100,613.0
2016-06-19 14:25:01,5927400,1228.0
2016-06-19 14:30:01,5927700,1160.0
2016-06-19 14:35:01,5928000,371.0
2016-06-19 14:40:01,5928300,284.0
2016-06-19 14:45:01,5928600,250.0
2016-06-19 14:50:01,5928900,430.0
2016-06-19 14:55:01,5929200,466.0
2016-06-19 15:00:01,5929500,356.0
2016-06-19 15:05:01,5929800,253.0
2016-06-19 15:10:01,5930100,230.0
2016-06-19 15:15:01,5930400,286.0
2016-06-19 15:20:01,5930700,291.0
2016-06-19 15:25:01,5931000,209.0
2016-06-19 15:30:01,5931300,192.0
2016-06-19 15:35:01,5931600,256.0
2016-06-19 15:40:01,5931900,530.0
2016-06-19 15:45:01,5932200,580.0
2016-06-19 15:50:01,5932500,274.0
2016-06-19 15:55:01,5932800,251.0
2016-06-19 16:00:01,5933100,223.0
2016-06-19 16:05:01,5933400,261.0
2016-06-19 16:10:01,5933700,458.0
2016-06-19 16:15:01,5934000,420.0
2016-06-19 16:20:01,5934300,391.0
2016-06-19 16:25:01,5934600,400.0
2016-06-19 16:30:01,5934900,572.0
2016-06-19 16:35:01,5935200,501.0
2016-06-19 16:40:01,5935500,702.0
2016-06-19 16:45:01,5935800,377.0
2016-06-19 16:50:01,5936100,326.0
2016-06-19 16:55:01,5936400,323.0
2016-06-19 17:00:01,5936700,278.0
2016-06-19 17:05:01,5937000,262.0
2016-06-19 17:10:01,5937300,281.0
2016-06-19 17:15:01,5937600,349.0
2016-06-19 17:20:01,5937900,350.0
2016-06-19 17:25:01,5938200,407.0
2016-06-19 17:30:01,5938500,675.0
2016-06-19 17:35:01,5938800,810.0
2016-06-19 17:40:01,5939100,682.0
2016-06-19 17:45:01,5939400,658.0
2016-06-19 17:50:01,5939700,558.0
2016-06-19 17:55:01,5940000,261.0
2016-06-19 18:00:01,5940300,246.0
2016-06-19 18:05:01,5940600,214.0
2016-06-19 18:10:01,5940900,235.0
2016-06-19 18:15:01,5941200,240.0
2016-06-19 18:20:01,5941500,223.0
2016-06-19 18:25:01,5941800,410.0
2016-06-19 18:30:01,5942100,424.0
2016-06-19 18:35:01,5942400,369.0
2016-06-19 18:40:01,5942700,237.0
2016-06-19 18:45:01,5943000,379.0
2016-06-19 18:50:01,5943300,388.0
2016-06-19 18:55:01,5943600,241.0
2016-06-19 19:00:01,5943900,340.0
2016-06-19 19:05:01,5944200,286.0
2016-06-19 19:10:01,5944500,242.0
2016-06-19 19:15:01,5944800,174.0
2016-06-19 19:20:01,5945100,182.0
2016-06-19 19:25:01,5945400,144.0
2016-06-19 19:30:01,5945700,168.0
2016-06-19 19:35:01,5946000,136.0
2016-06-19 19:40:01,5946300,115.0
2016-06-19 19:45:01,5946600,79.0
2016-06-19 19:50:01,5946900,69.0
2016-06-19 19:55:01,5947200,53.0
2016-06-19 20:00:01,5947500,54.0
2016-06-19 20:05:01,5947800,64.0
2016-06-19 20:10:01,5948100,74.0
2016-06-19 20:15:01,5948400,82.0
2016-06-19 20:20:01,5948700,88.0
2016-06-19 20:25:01,5949000,119.0
2016-06-19 20:30:01,5949300,79.0
2016-06-19 20:35:01,5949600,55.0
2016-06-19 20:40:01,5949900,46.0
2016-06-19 20:45:01,5950200,32.0
2016-06-19 20:50:01,5950500,27.0
2016-06-19 20:55:01,5950800,25.0
2016-06-19 21:00:01,5951100,24.0
2016-06-19 21:05:01,5951400,21.0
2016-06-19 21:10:01,5951700,20.0
2016-06-19 21:15:01,5952000,18.0
2016-06-19 21:20:01,5952300,18.0
2016-06-19 21:25:01,5952600,0.0
2016-06-19 21:30:01,5952900,0.0
2016-06-19 21:35:01,5953200,0.0
2016-06-19 21:40:01,5953500,0.0
2016-06-19 21:45:01,5953800,0.0
2016-06-19 21:50:01,5954100,0.0
2016-06-19 21:55:01,5954400,0.0
2016-06-19 22:00:01,5954700,0.0
2016-06-19 22:05:01,5955000,0.0
2016-06-19 22:10:01,5955300,0.0
2016-06-19 22:15:01,5955600,0.0
2016-06-19 22:20:01,5955900,0.0
2016-06-19 22:25:01,5956200,0.0
2016-06-19 22:30:01,5956500,0.0
2016-06-19 22:35:01,5956800,0.0
2016-06-19 22:40:01,5957100,0.0
2016-06-19 22:45:01,5957400,0.0
2016-06-19 22:50:01,5957700,0.0
2016-06-19 22:55:01,5958000,0.0
2016-06-19 23:00:01,5958300,0.0
2016-06-19 23:05:01,5958600,0.0
2016-06-19 23:10:01,5958900,0.0
2016-06-19 23:15:01,5959200,0.0
2016-06-19 23:20:01,5959500,0.0
2016-06-19 23:25:01,5959800,0.0
2016-06-19 23:30:01,5960100,0.0
2016-06-19 23:35:01,5960400,0.0
2016-06-19 23:40:01,5960700,0.0
2016-06-19 23:45:01,5961000,0.0
2016-06-19 23:50:01,5961300,0.0
2016-06-19 23:55:01,5961600,0.0
2016-06-20 00:00:01,5961900,0.0
2016-06-20 00:05:01,5962200,0.0
2016-06-20 00:10:01,5962500,0.0
2016-06-20 00:15:01,5962800,0.0
2016-06-20 00:20:01,5963100,0.0
2016-06-20 00:25:01,5963400,0.0
2016-06-20 00:30:01,5963700,0.0
2016-06-20 00:35:01,5964000,0.0
2016-06-20 00:40:01,5964300,0.0
2016-06-20 00:45:01,5964600,0.0
2016-06-20 00:50:01,5964900,0.0
2016-06-20 00:55:01,5965200,0.0
2016-06-20 01:00:01,5965500,0.0
2016-06-20 01:05:01,5965800,0.0
2016-06-20 01:10:01,5966100,0.0
2016-06-20 01:15:01,5966400,0.0
2016-06-20 01:20:01,5966700,0.0
2016-06-20 01:25:01,5967000,0.0
2016-06-20 01:30:01,5967300,0.0
2016-06-20 01:35:01,5967600,0.0
2016-06-20 01:40:01,5967900,0.0
2016-06-20 01:45:01,5968200,0.0
2016-06-20 01:50:01,5968500,0.0
2016-06-20 01:55:01,5968800,0.0
2016-06-20 02:00:01,5969100,0.0
2016-06-20 02:05:01,5969400,0.0
2016-06-20 02:10:01,5969700,0.0
2016-06-20 02:15:01,5970000,0.0
2016-06-20 02:20:01,5970300,0.0
2016-06-20 02:25:01,5970600,0.0
2016-06-20 02:30:01,5970900,0.0
2016-06-20 02:35:01,5971200,0.0
2016-06-20 02:40:01,5971500,0.0
2016-06-20 02:45:01,5971800,0.0
2016-06-20 02:50:01,5972100,0.0
2016-06-20 02:55:01,5972400,0.0
2016-06-20 03:00:01,5972700,0.0
2016-06-20 03:05:01,5973000,0.0
2016-06-20 03:10:01,5973300,0.0
2016-06-20 03:15:01,5973600,0.0
2016-06-20 03:20:01,5973900,0.0
2016-06-20 03:25:01,5974200,0.0
2016-06-20 03:30:01,5974500,0.0
2016-06-20 03:35:01,5974800,0.0
2016-06-20 03:40:01,5975100,0.0
2016-06-20 03:45:01,5975400,0.0
2016-06-20 03:50:01,5975700,0.0
2016-06-20 03:55:01,5976000,0.0
2016-06-20 04:00:01,5976300,0.0
2016-06-20 04:05:01,5976600,0.0
2016-06-20 04:10:01,5976900,0.0
2016-06-20 04:15:01,5977200,0.0
2016-06-20 04:20:01,5977500,0.0
2016-06-20 04:25:01,5977800,0.0
2016-06-20 04:30:01,5978100,0.0
2016-06-20 04:35:01,5978400,0.0
2016-06-20 04:40:01,5978700,0.0
2016-06-20 04:45:01,5979000,0.0
2016-06-20 04:50:01,5979300,0.0
2016-06-20 04:55:01,5979600,0.0
2016-06-20 05:00:01,5979900,0.0
2016-06-20 05:05:01,5980200,0.0
2016-06-20 05:10:01,5980500,0.0
2016-06-20 05:15:01,5980800,0.0
2016-06-20 05:20:01,5981100,0.0
2016-06-20 05:25:01,5981400,0.0
2016-06-20 05:30:01,5981700,0.0
2016-06-20 05:35:01,5982000,0.0
2016-06-20 05:40:01,5982300,0.0
2016-06-20 05:45:01,5982600,0.0
2016-06-20 05:50:01,5982900,0.0
2016-06-20 05:55:01,5983200,0.0
2016-06-20 06:00:01,5983500,0.0
2016-06-20 06:05:01,5983800,0.0
2016-06-20 06:10:01,5984100,0.0
2016-06-20 06:15:01,5984400,0.0
2016-06-20 06:20:01,5984700,0.0
2016-06-20 06:25:01,5985000,0.0
2016-06-20 06:30:01,5985300,0.0
2016-06-20 06:35:01,5985600,0.0
2016-06-20 06:40:01,5985900,0.0
2016-06-20 06:45:01,5986200,0.0
2016-06-20 06:50:01,5986500,0.0
2016-06-20 06:55:01,5986800,0.0
2016-06-20 07:00:01,5987100,0.0
2016-06-20 07:05:01,5987400,0.0
2016-06-20 07:10:01,5987700,0.0
2016-06-20 07:15:01,5988000,0.0
2016-06-20 07:20:01,5988300,0.0
2016-06-20 07:25:01,5988600,0.0
2016-06-20 07:30:01,5988900,0.0
2016-06-20 07:35:01,5989200,15.0
2016-06-20 07:40:01,5989500,15.0
2016-06-20 07:45:01,5989800,26.0
2016-06-20 07:50:01,5990100,34.0
2016-06-20 07:55:01,5990400,31.0
2016-06-20 08:00:01,5990700,26.0
2016-06-20 08:05:01,5991000,19.0
2016-06-20 08:10:01,5991300,18.0
2016-06-20 08:15:01,5991600,16.0
2016-06-20 08:20:01,5991900,0.0
2016-06-20 08:25:01,5992200,21.0
2016-06-20 08:30:01,5992500,24.0
2016-06-20 08:35:01,5992800,29.0
2016-06-20 08:40:01,5993100,31.0
2016-06-20 08:45:01,5993400,31.0
2016-06-20 08:50:01,5993700,32.0
2016-06-20 08:55:01,5994000,28.0
2016-06-20 09:00:01,5994300,50.0
2016-06-20 09:05:01,5994600,66.0
2016-06-20 09:10:01,5994900,49.0
2016-06-20 09:15:01,5995200,51.0
2016-06-20 09:20:01,5995500,77.0
2016-06-20 09:25:01,5995800,90.0
2016-06-20 09:30:01,5996100,57.0
2016-06-20 09:35:01,5996400,60.0
2016-06-20 09:40:01,5996700,80.0
2016-06-20 09:45:01,5997000,84.0
2016-06-20 09:50:01,5997300,111.0
2016-06-20 09:55:01,5997600,114.0
2016-06-20 10:00:01,5997900,74.0
2016-06-20 10:05:01,5998200,63.0
2016-06-20 10:10:01,5998500,219.0
2016-06-20 10:15:01,5998800,220.0
2016-06-20 10:20:01,5999100,119.0
2016-06-20 10:25:01,5999400,89.0
2016-06-20 10:30:01,5999700,84.0
2016-06-20 10:35:01,6000000,124.0
2016-06-20 10:40:01,6000300,120.0
2016-06-20 10:45:01,6000600,266.0
2016-06-20 10:50:01,6000900,260.0
2016-06-20 10:55:01,6001200,159.0
2016-06-20 11:00:01,6001500,143.0
2016-06-20 11:05:01,6001800,192.0
2016-06-20 11:10:01,6002100,278.0
2016-06-20 11:15:01,6002400,177.0
2016-06-20 11:20:01,6002700,156.0
2016-06-20 11:25:01,6003000,123.0
2016-06-20 11:30:01,6003300,82.0
2016-06-20 11:35:01,6003600,82.0
2016-06-20 11:40:01,6003900,90.0
2016-06-20 11:45:01,6004200,180.0
2016-06-20 11:50:01,6004500,233.0
2016-06-20 11:55:01,6004800,130.0
2016-06-20 12:00:01,6005100,142.0
2016-06-20 12:05:01,6005400,150.0
2016-06-20 12:10:01,6005700,162.0
2016-06-20 12:15:01,6006000,114.0
2016-06-20 12:20:01,6006300,184.0
2016-06-20 12:25:01,6006600,226.0
2016-06-20 12:30:01,6006900,299.0
2016-06-20 12:35:01,6007200,129.0
2016-06-20 12:40:01,6007500,222.0
2016-06-20 12:45:01,6007800,234.0
2016-06-20 12:50:01,6008100,302.0
2016-06-20 12:55:01,6008400,252.0
2016-06-20 13:00:01,6008700,391.0
2016-06-20 13:05:01,6009000,384.0
2016-06-20 13:10:01,6009300,414.0
2016-06-20 13:15:01,6009600,460.0
2016-06-20 13:20:01,6009900,266.0
2016-06-20 13:25:01,6010200,183.0
2016-06-20 13:30:01,6010500,144.0
2016-06-20 13:35:01,6010800,271.0
2016-06-20 13:40:01,6011100,315.0
2016-06-20 13:45:01,6011400,386.0
2016-06-20 13:50:01,6011700,237.0
2016-06-20 13:55:01,6012000,223.0
2016-06-20 14:00:01,6012300,85.0
2016-06-20 14:05:01,6012600,122.0
2016-06-20 14:10:01,6012900,91.0
2016-06-20 14:15:01,6013200,107.0
2016-06-20 14:20:01,6013500,113.0
2016-06-20 14:25:01,6013800,112.0
2016-06-20 14:30:01,6014100,130.0
2016-06-20 14:35:01,6014400,124.0
2016-06-20 14:40:01,6014700,126.0
2016-06-20 14:45:01,6015000,194.0
2016-06-20 14:50:01,6015300,169.0
2016-06-20 14:55:01,6015600,202.0
2016-06-20 15:00:01,6015900,193.0
2016-06-20 15:05:01,6016200,150.0
2016-06-20 15:10:01,6016500,250.0
2016-06-20 15:15:01,6016800,126.0
2016-06-20 15:20:01,6017100,200.0
2016-06-20 15:25:01,6017400,271.0
2016-06-20 15:30:01,6017700,149.0
2016-06-20 15:35:01,6018000,111.0
2016-06-20 15:40:01,6018300,173.0
2016-06-20 15:45:01,6018600,135.0
2016-06-20 15:50:01,6018900,126.0
2016-06-20 15:55:01,6019200,108.0
2016-06-20 16:00:01,6019500,67.0
2016-06-20 16:05:01,6019800,76.0
2016-06-20 16:10:01,6020100,106.0
2016-06-20 16:15:01,6020400,126.0
2016-06-20 16:20:01,6020700,114.0
2016-06-20 16:25:01,6021000,113.0
2016-06-20 16:30:01,6021300,94.0
2016-06-20 16:35:01,6021600,145.0
2016-06-20 16:40:01,6021900,109.0
2016-06-20 16:45:01,6022200,137.0
2016-06-20 16:50:01,6022500,91.0
2016-06-20 16:55:01,6022800,97.0
2016-06-20 17:00:01,6023100,161.0
2016-06-20 17:05:01,6023400,103.0
2016-06-20 17:10:01,6023700,100.0
2016-06-20 17:15:01,6024000,105.0
2016-06-20 17:20:01,6024300,135.0
2016-06-20 17:25:01,6024600,119.0
2016-06-20 17:30:01,6024900,122.0
2016-06-20 17:35:01,6025200,112.0
2016-06-20 17:40:01,6025500,156.0
2016-06-20 17:45:01,6025800,112.0
2016-06-20 17:50:01,6026100,119.0
2016-06-20 17:55:01,6026400,87.0
2016-06-20 18:00:01,6026700,82.0
2016-06-20 18:05:01,6027000,93.0
2016-06-20 18:10:01,6027300,91.0
2016-06-20 18:15:01,6027600,106.0
2016-06-20 18:20:01,6027900,131.0
2016-06-20 18:25:01,6028200,93.0
2016-06-20 18:30:01,6028500,112.0
2016-06-20 18:35:01,6028800,137.0
2016-06-20 18:40:01,6029100,109.0
2016-06-20 18:45:01,6029400,122.0
2016-06-20 18:50:01,6029700,101.0
2016-06-20 18:55:01,6030000,122.0
2016-06-20 19:00:01,6030300,95.0
2016-06-20 19:05:01,6030600,66.0
2016-06-20 19:10:01,6030900,75.0
2016-06-20 19:15:01,6031200,70.0
2016-06-20 19:20:01,6031500,67.0
2016-06-20 19:25:01,6031800,72.0
2016-06-20 19:30:01,6032100,80.0
2016-06-20 19:35:01,6032400,80.0
2016-06-20 19:40:01,6032700,47.0
2016-06-20 19:45:01,6033000,61.0
2016-06-20 19:50:01,6033300,51.0
2016-06-20 19:55:01,6033600,40.0
2016-06-20 20:00:01,6033900,43.0
2016-06-20 20:05:01,6034200,30.0
2016-06-20 20:10:01,6034500,29.0
2016-06-20 20:15:01,6034800,38.0
2016-06-20 20:20:01,6035100,28.0
2016-06-20 20:25:01,6035400,30.0
2016-06-20 20:30:01,6035700,27.0
2016-06-20 20:35:01,6036000,27.0
2016-06-20 20:40:01,6036300,21.0
2016-06-20 20:45:01,6036600,25.0
2016-06-20 20:50:01,6036900,25.0
2016-06-20 20:55:01,6037200,20.0
2016-06-20 21:00:01,6037500,25.0
2016-06-20 21:05:01,6037800,19.0
2016-06-20 21:10:01,6038100,0.0
2016-06-20 21:15:01,6038400,0.0
2016-06-20 21:20:01,6038700,0.0
2016-06-20 21:25:01,6039000,0.0
2016-06-20 21:30:01,6039300,0.0
2016-06-20 21:35:01,6039600,0.0
2016-06-20 21:40:01,6039900,0.0
2016-06-20 21:45:01,6040200,0.0
2016-06-20 21:50:01,6040500,0.0
2016-06-20 21:55:01,6040800,0.0
2016-06-20 22:00:01,6041100,0.0
2016-06-20 22:05:01,6041400,0.0
2016-06-20 22:10:01,6041700,0.0
2016-06-20 22:15:01,6042000,0.0
2016-06-20 22:20:01,6042300,0.0
2016-06-20 22:25:01,6042600,0.0
2016-06-20 22:30:01,6042900,0.0
2016-06-20 22:35:01,6043200,0.0
2016-06-20 22:40:01,6043500,0.0
2016-06-20 22:45:01,6043800,0.0
2016-06-20 22:50:01,6044100,0.0
2016-06-20 22:55:01,6044400,0.0
2016-06-20 23:00:01,6044700,0.0
2016-06-20 23:05:01,6045000,0.0
2016-06-20 23:10:01,6045300,0.0
2016-06-20 23:15:01,6045600,0.0
2016-06-20 23:20:01,6045900,0.0
2016-06-20 23:25:01,6046200,0.0
2016-06-20 23:30:01,6046500,0.0
2016-06-20 23:35:01,6046800,0.0
2016-06-20 23:40:01,6047100,0.0
2016-06-20 23:45:01,6047400,0.0
2016-06-20 23:50:01,6047700,0.0
2016-06-20 23:55:01,6048000,0.0
